,comment,star,date,,상품 링크
1,"은은한 조명 아래에 오니 로고 주위로 동그란 띠가 보여 티 안쪽을 뒤집어 까보니 로고에 저렇게 덧댐이 있었습니다. 쉽게 떼지는거 같아 떼어보니 로고자체를 박음질을 해놨더라구요. 가품인가 싶기도 하고 덧댐을 제거한 채로 입으니 까끌거려서 못입겠다는 생각이 들어서 판매자분께 문의 드리니 가품아니고 로고 훼손방지? 명목으로 이번년도부터 이렇게 나온다 하더라구요. 더불어 덧댐 제거하면 교환 환불 불가 라고 하셨습니다. 애초에 덧댐 붙여 나간다는 말 자체도 없었고 떼보니 저렇게 로고를 덧대어 대충 박음질한줄 누가 알았겠습니까… 
59000원 커플티로 두장 구매했습니다. 싸다면 싸고 비싸다면 비싼 금액입니다. 환불 받고싶었으나 다른분이 저 같은 상황에 처해지실까봐 그냥 구매확정 눌러버리고 리뷰 씁니다. 버릴려다 가끔 입지 뭐 하고 빨래 돌렸는데 목이 늘어났네요.
악의적인 의도 없습니다. 공익을 위해 제가 느낀 그대로 적었습니다. 거짓 또한 보태지 않았습니다.",1,22.06.02.,,https://smartstore.naver.com/underdogkr/products/5108885577?NaPm=ct%3Dl5mi11aw%7Cci%3D82e1e2f62ae56a5a2d90ec51f4106fbd9140070e%7Ctr%3Dslsl%7Csn%3D1117459%7Chk%3Dd47396c8a19cfd17e62b65c1261ccef2fb3f170a
2,"자주 입어도 안늘어나고 질도 좋아요!
다음에 또 구매할게요~",5,22.07.10.,,
3,생각보다 큼직해서 M 했어도 되었을듯 해요 그래도 낙낙한 핏이 귀여워요ㅎㅎ커플티로 잘 입겠습니다! (위는 보이즈 / 아래는 남성용),5,22.07.02.,,
4,"생각보다 탄탄하고 핏이 이뻐요
남자친구 주려고 XL샀는데 잘 맞았으면 좋겠네용 ㅜ",5,22.06.30.,,
5,그냥 맘에하나도안들어여 상품 로그에 이상한가 붙처있고  목라인에 저렇게 찌져지고 하 우울합니다 ㅠㅠ 엑스라지만 이러네여,1,22.06.28.,,
6,아주 좋아요 배송도 굿입니당,5,22.07.12.,,
7,잘입을게요 배송도 정말 빨랐어요 담에 또 여기서 시켜야겠어용,5,22.07.05.,,
8,"질좋고 배송좋고 폴로라서 더좋고~
정품치고 너무 만족합니다",5,22.07.12.,,
9,배송빨라요 사이즈좋아요,5,22.07.12.,,
10,항상 잘입고 있어요 배송도 빠르고 맘에 듭니다,5,22.07.01.,,
11,"편하게 잘 맞아요
편도 좋고 맘에 들어여",4,22.07.05.,,
12,"옷 재질이 너무 부드럽고 좋았어요 !
저렴한 가격에 잘 구매한 것 같아요 ~~
한 치수 크게 주문했더니 잘 맞네용 ㅠ",5,22.07.15.,,
13,"금요일에 놀러 갈때 입을려고 주문했어요 
생각보다 빨리 와서 더 좋아요 
옷도 무지예쁩니다",5,22.07.12.,,
14,잘받았습니다 감사합니다,5,22.07.11.,,
15,블랙에 화이트포니는 포기할수없죠🤍🖤,5,22.07.12.,,
16,재질 가격 가성비 최고!!,5,22.07.11.,,
17,"168 58 여자 L잘 맞아요!
넉넉하지도 않고 딱 붙지도 않고 핏 예뻐요",5,22.06.30.,,
18,좋아요 또 사고 싶어요,5,22.07.09.,,
19,"55-66사이즈인데 조금 큰거같아요
편하고 이쁘네요",5,22.07.05.,,
20,신란 선물로 사줬는데 너무 잘 입네요~ 맘에 들어해서 저도 뿌듯해요,5,22.07.09.,,
21,빨아도 수축도 잘 안일어나고 좋아요 ! 깔끔하네요,5,22.06.23.,,
22,좋아요 여름에 잘 입기 좋을 거서 아요,5,22.07.15.,,
23,색상이 딱 맘에 드는 색이에요ㅎㅎ 55입는데 사이즈 너무 크지도 작지도 않아요,5,22.06.20.,,
24,조아요 자주자주 입을 듯,5,22.07.15.,,
25,"너무 예쁘고 좋은데 원래 이런건지 모르겠는데.. 누가 입어봤던거 반품한건지 옷에서 새옷 냄새가 아니라 페브리즈 같은 향기가 나요.. ㅠㅠ 
색감은 사진보다 짙은 네이비 느낌이에요",5,22.06.08.,,
26,"커플로 입으려고  저는 공용 보이로 M 사고 남자친구는 남성용으로 M 샀는데 너무 예쁘고 잘 맞아요 ㅜㅜ 원래 백화점 가서만 사는데 가격차이가 너무 많이 나서 .. 후기 믿고 구매했는데 남자꺼는 정품 바코드까지 있어요!!! 
진짜 하나가격에 두개 득템했어요❤️  색별로 쟁길거에요. 잘입을게요!! 다 사세요
여자 : 159 /48
남자 : 180/ 68",5,22.05.20.,,
27,색상도 이쁘고 원하는 슬림해서 잘입고 다녀요,4,22.06.22.,,
28,커플티로 샀어요 너무 만족해요,5,22.07.12.,,
29,여름용 면도 좋고 깔끔한데 입으면 목라인 박음질이 어색하다네요~,5,22.07.13.,,
30,배송도 빠르고 사이즈도 잘 맞고 얘뻐요 핏도!,5,22.06.26.,,
31,"55사이즈 입는데 l사이즈 잘맞아요 
두께는 얇지만 검정색상이라 맘에들어요",4,22.07.06.,,
32,좋습니다 역시 돈 더 줘서 좋은거!,5,22.06.25.,,
33,"싸게 잘 산것 같습니다. 배송도 엄청 빨랐구요
폴로 마크뒤에가 천으로 덮여있어서 이상하다 싶긴 했는데 보호차원인듯 합니다! ㅎㅎ",4,22.06.27.,,
34,목도 잘 늘어나지 않고 그냥 이거 하나만 걸쳐도 너무 예쁘네요,5,22.07.09.,,
35,재질도 탄탄하고 맘에 들어요 사이즈는 딱 100,5,22.06.15.,,
36,목부분이  울어요  뭔가이상함,1,22.07.10.,,
37,편하게 입기 좋아요. 정사이즈,4,22.06.17.,,
38,"오버핏을 생각하고 라지사이즈로 구매했는데 생각보다 오버한느낌은아니네용ㅋㅋ  그냥기본딱면티느낌
네이비컬러랑 폴로로고 딱예쁘고 좋아요ㅎㅎ",5,22.05.29.,,
39,좋아요~ 큰거사서루즈핏으로입다가딱맞게입고싶어샀는데품질좋네요,5,22.06.07.,,
40,너무 이뻐요 잘입을게요,5,22.07.15.,,
41,편하게 입기 딱 좋아요,5,22.07.13.,,
42,편하고 이뻐요! 배송도 빠릅니다:),5,22.07.06.,,
43,재질이 좋습니다 폴로짱,5,22.07.11.,,
44,"재질도 좋고, 저렴하게 좋은옷 잘 샀네요",5,22.07.08.,,
45,옷 편하고 이쁘네요,5,22.06.18.,,
46,168 L 사이즈 딱 좋아용!!,5,22.07.15.,,
47,"사이즈랑 색깔 마음에 들어요
잘입을게요",4,22.07.01.,,
48,안늘어나고 딱 입기좋은거같아영,5,22.07.05.,,
49,재질도 탄탄하고 맘에 들어요!,5,22.06.15.,,
50,만족합니다 가격대가성비좋아요 ~~~~~~~~,5,22.07.05.,,
51,저한텐좀작아서살좀뺄께여...ㅋㅋ,5,22.06.19.,,
52,넘 이쁘게 만족스럽게 입고있어요 많이 파세요~!~!~~~,5,22.06.14.,,
53,가격대비 가성비 꿀 만족합니다,4,22.07.05.,,
54,여름에 입기 좋은거 같아요,4,22.07.04.,,
55,목부분이상하네요  이상,1,22.07.10.,,
56,"L사이즈인데 작더라구요ㅠㅠ
택을 떼서 반품도 못하고,, 돈만 버렸네요",4,22.06.22.,,
57,남자친구랑 커플티로 샀는데 같이 입으니까 넘 이뻐요,5,22.06.06.,,
58,핏이 예쁘네요 다른 컬러도 구매할가 고민중입니다  맘에 들어요,5,22.06.20.,,
59,"상체는 날씬한편이라 엠싸이즈
 말랏고 완전타이트원하면 에스 사여할듯",4,22.06.06.,,
60,평소에 유니섹스 티셔츠 s 입는 데 L로 사니까 딱 맞음 너무너무 좋아 또 구매할듯,5,22.06.03.,,
61,사이즈 적당해서 무난하게 코디 할 수 있어서 좋네요,5,22.06.25.,,
62,예쁜 티셔츠예요. 검정색티 기본으로 입기 좋고 튼튼해서 더 좋아요,5,22.05.29.,,
63,옷감도 좋고 만족합니다~,5,22.06.07.,,
64,사이즈 적당하고 무난하게 코디 가능해서 좋아요,5,22.06.25.,,
65,"폴로티 너무 잘 샀어요
몸에 딱 맞게 입으려면 M 사이즈가 좋을 것 같아요 목이 꽉 긴다는 리뷰가 있어 걱정했는데 전 못 느꼈어요 상체가 마르신 분들은 M 사이즈 사시면 딱 예쁘게 핏 되실거에요! 다른 컬러도 사고 싶어요 ㅠㅠ",5,22.05.08.,,
66,편하고 핏 좋고 좋습니다,5,22.06.26.,,
67,생각보다 재질좋고 예쁘네용,5,22.06.05.,,
68,배송도 빠르고 넘이뻐요~,5,22.06.28.,,
69,"폴로티 너무 잘 샀어요
몸에 딱 맞게 입으려면 M 사이즈가 좋을 것 같아요 목이 꽉 긴다는 리뷰가 있어 걱정했는데 전 못 느꼈어요 상체가 마르신 분들은 M 사이즈 사시면 딱 예쁘게 핏 되실거에요! 다른 컬러도 사고 싶어요 ㅠㅠ",5,22.05.08.,,
70,174 마른편인데 사이즈가 없어서 M으로했는데 길이랑 폭모두 제가 원했던 사이즈에욥! (딱맞게 입는걸좋아함 ㅠ) 감사합니다~,5,22.06.07.,,
71,"폴로는 역시 깔끔한게 진리
블랙티에 흰색 포니라 포인트 되서 좋고
정품 확실하네요 잘 받았습니다.",5,22.05.19.,,
72,커플티로 제격입니다 ㅎㅎㅎ가격도 저렴해요,5,22.05.25.,,
73,생각보다 크고 얇지만 너무 예뻐요!,5,22.06.04.,,
74,너무 맘에들고요 재질도 얇고시원하며 부드럽고 딸이 맘에든다네요 50킬로딱예쁘게맞아요,5,22.06.04.,,
75,가격대비 좋아요....,5,22.06.26.,,
76,원단이너무좋고 착용감이좋아요,5,22.06.20.,,
77,편하고 완전 좋아요,4,22.06.25.,,
78,딱정사이즈에요 색상도이쁘고 짱짱하니 좋아요,5,22.05.23.,,
79,딱정사이즈에요 색상도이쁘고 짱짱하니 좋아요,5,22.05.23.,,
80,평소에 여성분 44~55까지 입으시는 여성분 딱 맞게 입으시고 싶으면 보이즈 m사이즈 하시면 좋음. 핏 예뻐요^^,5,22.06.06.,,
81,부모님 커플티 ㅎㅎㅎ너무 예뻐요 네이비 색 !,5,22.05.25.,,
82,아주좋습니다^^ 재질도 편안하고 실제사이즈보다 작게나온듯해서 한치수 크게 사도 괜찮을듯합니다,5,22.05.13.,,
83,"상품은 사진과 같은거 같아요
그냥 편하게 입는 면티에요~
근데 목뒤 박음선이 polo로그 글자를 덮고 있는데 원래 그런가요?",4,22.05.09.,,
84,"예전에 인터넷으로 정품이라고하는 폴로반팔을 산적이 있었는데 무슨 시장에서 3장 만원하는 반팔퀄이였거든요.. 그게 짭이라는 게 확실해요 
퀄리티 좋습니다",5,22.05.30.,,
85,너무 편하고 면질이 좋습니다,5,22.06.22.,,
86,좋았어요 색상 디자인 사이즈 고민말고 구입하세요,4,22.06.07.,,
87,안전한 배송 감사합니다,5,22.06.18.,,
88,안전한 배송 감사합니다,5,22.06.18.,,
89,스텐다드하고 깔끔함의 끝판왕,5,22.06.19.,,
90,좋습니다 색도 착용감도,3,22.06.20.,,
91,잘입고다닐것같아요:),4,22.05.31.,,
92,너무 편하고 그냥 데일리로 입기좋은옷,5,22.06.13.,,
93,"면이 부들부들하고 좋아요
사이즈는 라지 했는데 여자55보단 야악간 딱맞아요. 조금 편하게 입고싶은 분들은 XL 하셔야될듯요",5,22.05.09.,,
94,생각만큼 두껍지는 않지만 핏이 적당하니 예뻐요,5,22.05.19.,,
95,약간사이즈는작은디 그래도 흐물거리지않아요,5,22.05.25.,,
96,핏도 좋고 여름 데일리템으로 제격입니다. 코디하기도 편해서 자주 애용해요.,5,22.05.31.,,
97,핏도 좋고 여름 데일리템으로 제격입니다. 코디하기도 편해서 자주 애용해요.,5,22.05.31.,,
98,핏도 좋고 여름 데일리템으로 제격입니다. 코디하기도 편해서 자주 애용해요.,5,22.05.31.,,
99,"사이즈 딱 좋네요
재질도 좋구 만족합니다",5,22.06.09.,,
100,"맘에들어요
생각한거랑 똑같고
질 좋습니당
배송도 금방왔어요~~

남자는 xl
여자l하니까 사이즈도 딱좋았습니다~",5,22.05.02.,,
101,"덩치 큰 남자친구인데 쬐끔 컸어요 
L 사도 됐을 듯요! 면 얇고 시원해서 좋대요 ㅋㅋ",5,22.06.06.,,
102,힝큐 조아 사이즈 딱,5,22.06.15.,,
103,너무 좋아요옹 ㅎㅎ,5,22.06.18.,,
104,배송 빠르게 잘 받았습니다 핏도 좋아요,5,22.06.10.,,
105,커플티로 사서 입고있는데 만족해요,4,22.06.11.,,
106,소재도 부들부들하고 너무 편해요 진짜 다들 꼭 사세요ㅜㅜ,5,22.05.13.,,
107,"커플티로 왕추천입니다
가격대비 왕왕추",4,22.06.06.,,
108,상태 좋고 배송이 빨라서 더 좋았어요 굿,5,22.05.19.,,
109,"완전 맘에듭니다
질도좋고
백화점가서 본거랑 똑같아요~~
좋은가격에 잘샀습니다",5,22.05.02.,,
110,이뻐요 남편한테 선물해줬는데 좋아해요,5,22.06.01.,,
111,깔끔해요 정사이즈예요,5,22.06.08.,,
112,커플티로도 예쁠정도로 괜찮아요,5,22.05.19.,,
113,아주 잘사용 할게요 화이팅입니다,5,22.06.03.,,
114,너무 이뻐서 계속 입어요,5,22.06.13.,,
115,"남편이  아주 마음에 들어해요~
저렴하게 잘 샀어요~",5,22.05.28.,,
116,사이즈좋아요~~깔끔해요,5,22.06.08.,,
117,입고 기다렸다가 바로 샀어요,5,22.06.10.,,
118,부들부들 아주 얇은 면이네요 세탁하면 목 늘어날거같아서 걱정ㅠ 옷은 너무 예쁩니당,5,22.05.04.,,
119,물 빠져요  흑 ~   사진은 두번 행군 상태인데  실제는 사진보다 더 까만물이요,3,22.05.09.,,
120,남자친구랑 커플티 하려고 했는데 배송 받은날 당일 차였어요 ㅎㅎ 저 혼자 두개 입거나 다음 남자친구 주려고요 혼자 쓸쓸히 입어봤눈데 괜찮네요 다음 남자친구는 옷 사이즈 XL 입었으면 좋겠어요,5,22.05.18.,,
121,예뻐요 만족합니당ㅎㅎ,5,22.05.18.,,
122,정말 싸게 잘입고단ㅕ요,5,22.06.14.,,
123,적당하고 잘 맞아요,4,22.06.11.,,
124,"잘 받았어요~
근데 화이트가 아주 화이트가 아닌듯
뭔가 누르스름한....",3,22.05.11.,,
125,진짜 편해요 소재도 부들부들해요!!,5,22.05.13.,,
126,만족합니다 조금 늦은배송,5,22.06.06.,,
127,배송이 빠르고 예뻐요,4,22.05.18.,,
128,배송이 빠르고 예뻐요,4,22.05.18.,,
129,흰색은 다른곳에서 샀는데 여기서 산 검정색이 좀더 재질이랑 사이즈가편하게 잘맞아요! 전 159/45입니당!!,5,22.05.03.,,
130,동생이 아주 좋아합니다 ㅎㅎㅎ,5,22.06.08.,,
131,천의 두께도 괜찮고 사이즈도 적당합니다,4,22.06.04.,,
132,"55반 사이즈인데 판매자님 사이즈 안내보고 라지했더니 딱 맞네요. 미듐했으면 작을 뻔 했어요.
원단, 핏 다 좋아서 편하게 자주 입을 것 같아요~",5,22.04.23.,,
133,빨리와서 좋네요 !!!,5,22.06.12.,,
134,이쁘네요 잘입을께요,5,22.06.08.,,
135,친구 생일선물 주려고 구매했어요 사이즈 고민하다가 보이즈 라지햇는데 잘 맞으면 좋겠네요 !! 배송은 빠르게 왔습니다 ~~,5,22.04.27.,,
136,나쁘지 않아요 다음에 또 구매할 의사가 있습니다.,5,22.05.22.,,
137,너무 잘입었습니다.,5,22.06.05.,,
138,소재도 너무 좋고 정사이즈로 잘 맞았어요!,5,22.05.31.,,
139,재질도 좋도 너무 이뻐요!!,5,22.06.03.,,
140,너무 이뻐요 ㅎㅎㅎ,5,22.06.08.,,
141,"추천 사이즈 가 딱 핏도 이쁘고 원단 부드럽고 조아요. 커플룩으로 구매햇는데 맘에 드네요..
세탁시 늘어남만 없다면 조을듯해요",5,22.04.20.,,
142,55여자입니다 스탠다드핏으로 딱맞네요,5,22.05.13.,,
143,아주 깔끔하고 좋습니다!!!,5,22.06.03.,,
144,신행 때 잘 입었어요,5,22.06.02.,,
145,신행 때 잘 입었어요,5,22.06.02.,,
146,다른 색상으로 부모님 선물 드렸어요,5,22.05.31.,,
147,이뻐요 ㅋㅋ남자친구는 살집이있어서 빼고입는데요,5,22.05.23.,,
148,이뻐요 ㅋㅋ남자친구는 살집이있어서 빼고입는데요,5,22.05.23.,,
149,정품이랑 비교해봤을 때 로고크기랑 형태가 너무 달라요 멀리서보면 티 안날 거 같긴한데 퀄리티가 현저히 떨어집니다. 그냥 돈 더주고 매장가서 착용해보고 정품 구매하세요,2,22.05.07.,,
150,품질이 좋습니다 한장더살까싶어요,5,22.05.28.,,
151,예쁘고 딱 맞아서 웨딩촬영 커플룩으로 잘 사용했습니다,5,22.05.25.,,
152,폴로 티셔츠 잘 받았습니다.,5,22.06.02.,,
153,160에 45키로인데 살짝 넉넉하게 핏되네요! 좋아요,5,22.05.23.,,
154,사이즈 정사이즈고 배송도 빨랐어요~!!ㅎㅎ좋아유,5,22.05.26.,,
155,커플티로 입으려고 샀는데 너무 예쁘고 맘에 들어용 !!! 예쁜거 있으면 또 구매 할게용 ~,5,22.05.13.,,
156,개인의견이지만 믿음이 잘 안가서 온라인으로 옷 잘 안사는데 여기서 신뢰를 찾았네요 넘 마음에 듭니다~^^,5,22.05.13.,,
157,개인의견이지만 믿음이 잘 안가서 온라인으로 옷 잘 안사는데 여기서 신뢰를 찾았네요 넘 마음에 듭니다~^^,5,22.05.13.,,
158,추천 사이즈 가 딱 핏도 이쁘고 원단 부드럽고 조아요. 커플룩으로 구매햇는데 맘에 드네요..,5,22.04.20.,,
159,추천 사이즈 가 딱 핏도 이쁘고 원단 부드럽고 조아요. 커플룩으로 구매햇는데 맘에 드네요..,5,22.04.20.,,
160,한번 사보고 좋아서 또 구매했어요 완전만족,5,22.04.30.,,
161,옷 핏이 너무 예뻐요!,5,22.05.27.,,
162,월요일에 주문해서 바로 다음날 출고 됐는데 금요일에 배송 받았어요ㅠ커플티로 입으려고 샀는데 사이즈가 아쉽지만 예쁘니까 괜찮아여..,5,22.04.16.,,
163,너무 좋은거같아요 부들부들하이 좋슴돠,5,22.05.20.,,
164,평소 55입는데 m시키니맞네용,5,22.05.30.,,
165,사이즈도 딱맞고 너무 이쁘네요,5,22.05.06.,,
166,월요일에 주문해서 바로 다음날 출고 됐는데 금요일에 배송 받았어요ㅠ커플티로 입으려고 샀는데 사이즈가 아쉽지만 예쁘니까 괜찮아여.,5,22.04.16.,,
167,낙낙한 사이즈도 좋고 질이 좋아요~,5,22.05.20.,,
168,예쁩니다 !!!! 좋아요,5,22.05.10.,,
169,다들 이쁘다고해줘서 기분이 좋습니다,5,22.05.23.,,
170,깔끔한게 너무이쁩니다,5,22.05.26.,,
171,선물해 준건데 너무 좋아하고 만족해하네요 예뻐요!,5,22.05.17.,,
172,"가격대비 좋아요
마음에 듭니다.",5,22.05.16.,,
173,이쁩니다~~~~~~~,5,22.06.20.,,
174,이쁩니다~~~~~~~,5,22.06.20.,,
175,좋아요.......,5,22.06.02.,,
176,진짜 제품 퀄리티 대만족입니다.,5,22.05.19.,,
177,사이즈도좋고  색상도 맘에 들어요,4,22.05.16.,,
178,너무 편하고 재질도 좋아요,5,22.04.28.,,
179,부드럽고 정사이즈 좋아요~~~^^,5,22.05.21.,,
180,배송도 가격도 가성비도 모두 좋아요,5,22.05.19.,,
181,부들부들하게 잘입을러같네요,5,22.05.20.,,
182,사이즈 잘맞고 좋아요,5,22.05.19.,,
183,"여름에 잘입을께요
이쁘네요",5,22.04.26.,,
184,정사이즈고 부드럽네요^^,5,22.05.21.,,
185,사이즈도 딱 맞고 편해요,4,22.05.16.,,
186,만족합니다 역시 폴로,5,22.05.17.,,
187,정사이즈에 딱 맞습니다~,5,22.05.19.,,
188,너무 예쁘고 좋아요!!,5,22.05.19.,,
189,잘받았습니당 잘입을게용,5,22.05.18.,,
190,배송 진짜 빨리왔어요! 해외배송의 경우 기다려야되는데 이 상품은 빨리 받아서 좋네요!ㅎㅎ,5,22.04.13.,,
191,좋아요 생각보다 딱 맞습니다,5,22.05.09.,,
192,가품 같은 걱정 안하고 구매할 수 있어서 좋았어요!,5,22.05.10.,,
193,"사이즈도 적당하고 면도 부드럽고 좋아요
검정색도 사고 싶네요~",5,22.05.10.,,
194,재질 품질 사이즈 다좋습니다,5,22.05.07.,,
195,아주 이쁘고 사이즈도 딱맞고 선물로 줬는데 좋아하네요,5,22.05.07.,,
196,커플로 입으려고 샀습니당 남친은 클래식 저는 보이즈 편하게 잘맞아용,5,22.04.13.,,
197,"온라인으로 폴로 구매 첫 성공이에요.
로고 모양이 의심이 간다든지 너무 얇다든지등등 온라인 구매는 미심쩍은 게 많았어요.
항상 직접 보고 입어보고 구매하는 성향인지라 이번에도 반품 각오하고 구매했는데,
여기는
만족도 100프로예요. 다른 색깔 구매하러 또 클릭합니다~!",5,22.04.11.,,
198,너무좋습니다 오버핏하게 딱잘맞아요 튼튼합,5,22.05.07.,,
199,"정사이즈 핏입니다 
옷감 매우 좋아요",4,22.05.06.,,
200,예뻐요~!~!~~~~~~~~~~~~~~~~~~~!!!!!!,5,22.05.01.,,
201,배송도 빠르고 넘좋아요,5,22.04.17.,,
202,빠른배송으로 잘 받았습니다,5,22.04.18.,,
203,배송도 빠르고 상품도 넘 좋아요,5,22.05.07.,,
204,재질도 좋구 잘구매한거같습니다,5,22.04.07.,,
205,배송도 빠르고 상품도 좋아요,5,22.05.07.,,
206,배송도빠르고 마음에들어요,5,22.04.07.,,
207,휘뚜루마뚜루 입기 좋아요,4,22.05.08.,,
208,이번 여름에 입을 생각에 너무 흥분됩니다,5,22.05.06.,,
209,배송도 빠르고 잘구매한거같습니다,5,22.04.07.,,
210,163 54 사이즈 고민 많이 했는데 만족입니다,5,22.04.13.,,
211,배송빠르고 탄탄해요,5,22.05.07.,,
212,"약간 잘 늘어나는 재질이라 조심하게되네요 ㅎ
디자인은 역시 이뻐요",4,22.04.23.,,
213,크게 입으려고 했는데 라인이 있을 줄 몰랐어요ㅠㅠ,5,22.05.02.,,
214,"배송은 나흘정도 걸렸습니다
포장 및 제품 만족합니다
사이즈는 M사이즈 입는분이면 적당한 사이즈
나올꺼같습니다
촉감이 부들부들해서 만족합니다
감사합니다",5,22.03.22.,,
215,"인터넷으로 사는거라 사이즈때문에 걱정했는데
95사이즈 종사이즈인거 같아요
원단도 괜찮고 더 구매할 생각입니다",5,22.04.20.,,
216,"와이프랑 커플티로 구매했습니다
평소 55사이즈입는데 잘 맞습니다
기장이 조금 길다고하는데
크게 문제없는거같습니다
촉감이 부들부들해서 만족한다고합니다
감사합니다",5,22.03.22.,,
217,"좋아요 깔끔하고
흰색이 예뻐요",5,22.04.26.,,
218,좋은제품감사합니다 고맙습니다 감사합니다,5,22.05.03.,,
219,편하게 잘 입을거 같아요,4,22.05.02.,,
220,"가장 기본적인 색상이랑 디자인이라 잘입고있어요
다만 잘 늘어나는 재질이라 조심하게되요",4,22.04.23.,,
221,배송도 빠르고 넘좋아요,5,22.04.17.,,
222,빠른배송으로 잘 받았습니다,5,22.04.18.,,
223,배송도 빠르고 상품도 넘 좋아요,5,22.05.07.,,
224,재질도 좋구 잘구매한거같습니다,5,22.04.07.,,
225,배송도 빠르고 상품도 좋아요,5,22.05.07.,,
226,배송도빠르고 마음에들어요,5,22.04.07.,,
227,휘뚜루마뚜루 입기 좋아요,4,22.05.08.,,
228,이번 여름에 입을 생각에 너무 흥분됩니다,5,22.05.06.,,
229,배송도 빠르고 잘구매한거같습니다,5,22.04.07.,,
230,163 54 사이즈 고민 많이 했는데 만족입니다,5,22.04.13.,,
231,배송빠르고 탄탄해요,5,22.05.07.,,
232,"약간 잘 늘어나는 재질이라 조심하게되네요 ㅎ
디자인은 역시 이뻐요",4,22.04.23.,,
233,크게 입으려고 했는데 라인이 있을 줄 몰랐어요ㅠㅠ,5,22.05.02.,,
234,"배송은 나흘정도 걸렸습니다
포장 및 제품 만족합니다
사이즈는 M사이즈 입는분이면 적당한 사이즈
나올꺼같습니다
촉감이 부들부들해서 만족합니다
감사합니다",5,22.03.22.,,
235,"인터넷으로 사는거라 사이즈때문에 걱정했는데
95사이즈 종사이즈인거 같아요
원단도 괜찮고 더 구매할 생각입니다",5,22.04.20.,,
236,"와이프랑 커플티로 구매했습니다
평소 55사이즈입는데 잘 맞습니다
기장이 조금 길다고하는데
크게 문제없는거같습니다
촉감이 부들부들해서 만족한다고합니다
감사합니다",5,22.03.22.,,
237,"좋아요 깔끔하고
흰색이 예뻐요",5,22.04.26.,,
238,좋은제품감사합니다 고맙습니다 감사합니다,5,22.05.03.,,
239,편하게 잘 입을거 같아요,4,22.05.02.,,
240,"가장 기본적인 색상이랑 디자인이라 잘입고있어요
다만 잘 늘어나는 재질이라 조심하게되요",4,22.04.23.,,
241,작년 신랑이 김포아울렛에서 블랙 화이트 포니 반팔을 구매했는데 너무 예뻤어서 저도 보이즈로 구매했어요 156/45 상체 마른형이라 예쁜 핏으로 잘 맞아요 아메리칸 헤더도 사고 싶네요! 7개월 임신중이라 배가 나온 상태에도 잘 맞네요 저는ㅎㅎ애 낳으면 더 잘입을 듯요,5,22.03.10.,,
242,엠 사이즈는 붙는 스타일로 예쁘게 입어지네요,5,22.04.03.,,
243,좋아요! 촉감도 좋고 여름에 좋게 입을거같아요,5,22.04.16.,,
244,사이즈도 적당하고 편하네요^^,5,22.04.29.,,
245,사이즈가 살짝 타이트하게 나와서 정핏으로 예쁠것같아요,5,22.04.02.,,
246,"목부분이 작은듯 하네요
아동ㅈ용이라 좀....",3,22.04.29.,,
247,예뻐요! 여자는 m사도 됐을걸 그랬어용 ㅠㅠ,5,22.04.21.,,
248,선물했는데 선물받은사람이 만족해했어요ㅎㅎ,5,22.04.26.,,
249,예뻐요! 여자는 m사도 됐을걸 그랬어용 ㅠㅠ,5,22.04.21.,,
250,너무 편하고 좋아요,5,22.04.28.,,
251,사이즈 정사이즈에요. 너무 마음에 들어요,5,22.04.20.,,
252,배송빠르고  면히부드러워요 이뻐요 맘에들어요~,5,22.04.18.,,
253,사이즈 95 사이즈 정사이즈에요. 너무 마음에 들어요,5,22.04.20.,,
254,사이즈 95 사이즈 정사이즈에요. 너무 마음에 들어요,5,22.04.20.,,
255,좋습니다 구매하세요♡♡,4,22.04.28.,,
256,2번째 구매입니다 좋아요,5,22.04.25.,,
257,재구매했어요 기본티로 너무 맘에듭니다 쟁여놔야되는 옷이네요~,5,22.03.18.,,
258,"생각보다이쁨!
퀄리티도 좋음",5,22.04.14.,,
259,목부분도 탄탄한듯하고 핏도 맘에듭니다. 빳빳한원단은 아니고 약간 부들한 원단인데 편하고 맘에듭니다,5,22.03.16.,,
260,폴로 로고도 포인트되고 기본티로 이만한게 없어요 맘에듭니다,5,22.03.18.,,
261,사진에서 본그대로 왔어요.,5,22.04.17.,,
262,163 54 사이즈 고민 많이핶는데 만족입니다,5,22.04.13.,,
263,사진에서 본 그대로에요.,5,22.04.17.,,
264,"배송동빨리오고ㅡ
사이즈도 딱이예요
알맞게 잘샀어요
고민말고사세요",5,22.03.29.,,
265,"평소 s사이즈나 xs입는데 m사이즈하니 
 편하게 잘맞습니다 기본티로 너무 좋네요",5,22.03.16.,,
266,배송빠르게왔고 예뻐요 여름에 잘입을것같아요,5,22.04.02.,,
267,백화점 상품이라고 해서 여기서 산건데  택이 백화점 상품 사진이랑은 다르네요.,2,22.03.14.,,
268,좋아요 이뻐요 맘에들어요,5,22.05.04.,,
269,너무 이쁘고 좋아요,5,22.04.09.,,
270,55사즈 입는데 적당히 좋아요,5,22.03.16.,,
271,너무너무너무 좋아요,5,22.04.27.,,
272,확실히 질이좋습니다,4,22.03.29.,,
273,확실히 질이좋습니다 ㅎ,4,22.03.29.,,
274,좋네요 품질도 좋고요,5,22.03.28.,,
275,"친구 생일선물로 보내줬는데 너무 좋아해서
만족합니다 친구가 화이트도 구매하고 싶다네요👍👍",5,22.03.18.,,
276,컬러가 이쁘고 포니로고  또한 진하게 잘 보이네요,3,22.03.21.,,
277,배송도빠르게오고 아주만족합니다,5,22.03.16.,,
278,감좋고 편하게입기좋아요,5,22.03.20.,,
279,티셔츠가 탄탄하고 길이도 적당하고 품도 적당해서 딱 좋아요~,5,22.03.10.,,
280,단품으로도 기본 이너로 딱 좋아요,5,22.03.15.,,
281,생각한 55보다는 큰데 괜찮습니다,5,22.03.14.,,
282,사이즈가  너무  작아요  옷은  이쁜데  주니어  옷 사이즈같아요,5,22.03.03.,,
283,이쁘게 딱 맞아요 여름에 자주 입을듯해요,4,22.02.08.,,
284,이쁘게 딱 맞아요 여름에 자주 입을듯해요,4,22.02.08.,,
285,사이즈가  너무  작아요,5,22.03.03.,,
286,얘들 이 좋아라하네요  이뿌게 잘 입을꺼같아요,5,22.02.18.,,
287,배송이 빠르고 잘 맞네요,5,22.02.20.,,
288,"몸에 약간 감기는 핏생각했는데, 팔통이 생각보다 크고 목이 많이 파이지않은게 교복안에 입던 기본티느낌나네요 소재는 부드러워요",4,21.12.18.,,
289,그레이에 네이비로고가 참 잘어울리네영,4,21.12.18.,,
290,다른색도 살걸 그랬어요 흑흑 흰색만 샀는데 탄탄하니 좋아요,5,21.11.24.,,
291,"체구가 작은데 사이즈가 타이트하다고 해서 사이즈 고민 많이 하다가 M사이즈 주문했는데 정말 딱 맞아요
저는 정사이즈 사고 싶었어서 괜찮은데 L사이즈도 나쁘지 않을 것 같네요",5,21.10.13.,,
292,여름한때잘입었어요다른컬러도구매해야겠어요..,4,21.10.21.,,
293,사이즈가딱이네요. 깔끔합니다.,5,21.11.06.,,
294,잘받았습니당. 잘쓸게요,5,21.11.11.,,
295,이번엔 하얀색으로 샀는데 하얀색도 이쁘고 담에는 검정으로 사려구용,5,21.11.06.,,
296,한  달  사용해보니  만족합니다,5,21.10.15.,,
297,편하고 잘 맞습니다. 빨아도 잘 늘어나지 않아 좋아요.,5,21.10.31.,,
298,소재도 좋고 다 좋아요 많이 파세요,5,21.10.27.,,
299,곧 다가올 기념일에 공개하고 입으려고 사실 아직 안 입어봤어요ㅋㅋ하지만 살짝 꺼내서 봤는데 완전 좋아요 백화점 제품으로 사길 너무 잘 한듯ㅠㅠ 제껀 보이즈 사고 남친껀 클래식핏으로 샀는데 보이즈가 아주 조금 더 얇고 진짜 살짝 비침 있어요. 딱 그냥 무난한 여성 의류 브랜드 흰티 느낌? 안에 쨍한 색깔 속옷 입으면 실루엣 보이는 그 정도 수준이에요. 남자친구는 비침있는 흰 티 싫어하는 데 남성용클래식핏이 더 촘촘한 느낌이라 다행이에요ㅎㅎ 이 제품도 크게 비침 걱정 없이 입을 수 있을듯 합니당 대만족! 사진에서 위가 보이즈 아래가 클래식핏이에요. 로고 크기도 차이 나서 뭔가 더 커플커플 하네요ㅋㅋ,5,21.08.12.,,
300,깔별로 다 모으고 잏어요 막입어도 꾸안꾸느낌,5,21.10.25.,,
301,m사이즈면 55입으시는 분들이 딱 맞게 입을 수 있습니다. 다만 다른 후기처럼 목부분이 좁아요!,5,21.10.12.,,
302,보이즈제품가격도좋고예쁘네요여름한철잘입었는데다른컬러도사이즈있음구매해야겠어요,5,21.09.08.,,
303,정사이즈예요 근데 목부분이 보이즈라 좀끼는듯해요,4,21.09.15.,,
304,생각보다 딱맞네요 ㅎ L사이즈도 괜찮앗을듯 ㅜ,5,21.09.29.,,
305,커플룩으로 샀는데 재질 마감선 디자인 핏 모든 면에서 너무너무 마음에 듭니다!! 포장도 꼼꼼하게 비닐에 싸서 잘 왔어요 감사합니다,5,21.08.27.,,
306,"저눈 조금 핏되게 입고싶어서 미듐주문했러요
55사이즈구요
안 입러봤는데 완전 딱 붙진않을것같고 적당할것같아유",5,21.09.09.,,
307,"어깨라인이 생각보다 조금 좁아요
그냥 정사이즈 느낌이구요
그래도 편하고 재질 나쁘지 않아서 오래 입을것 같아요",5,21.09.16.,,
308,부들부들 질이 너무 좋고 사이즈도 딱 잘맞아요,5,21.09.13.,,
309,"예쁘게 입을게요 깔끔하고 코디하기 편해요
다음에 다른색도 구매할게여~",5,21.09.04.,,
310,선물해줬는데 딱 맞아요 좋아요,5,21.10.02.,,
311,예뻐유 ㅎㅎ 좋아요 ^_^,5,21.10.03.,,
312,딱 맞습니다. 오버핏 입으실 분은 2사이즈 업 하셔야 할 듯 하네요..,3,21.09.23.,,
313,"한 사이즈 큰 사이즈도 있으면 좋을 거 같기는해서 아쉽긴 하지만
남자친구랑 이쁘게 입고 있습니다 :) 좋아요!",4,21.08.24.,,
314,"남자 여자 모두 정사이즈 느낌인데
오버핏 느낌은 없어요",5,21.09.17.,,
315,"남자 여자 모두 정사이즈 느낌인데
오버핏 느낌은 없어요",5,21.09.17.,,
316,잘 입고 다녀요 좋네요,5,21.09.30.,,
317,다시 20대로 돌아간듯요~ 흰티에 청바지 오랜만에 입어봐요. 역시 핏도 이쁘고 소재도 좋고 검증된 옷이지만 진짜 깔끔하니 만족스러워요~ 남편꺼도 사야겠어요. 커플템으로 추천드려요!!,5,21.08.21.,,
318,"아주 핏도 좋고 예뻐요
오래입을수있을꺼 같아요",5,21.09.09.,,
319,"이쁘고 좋아요! 
남자친구랑 처음으로 커플티 맞춰봤어요 :)",4,21.08.24.,,
320,"백화점 퀄리티에 가격은 진짜 넘 저렴해서, 완전 만족합니다^^
마감이나, 원단, 로고까지 진짜 매장에서 산 것처럼 깔끔하구요!
오히려, 집에서 편하게 배송받으니 더 좋네요^^
그리고 아메리칸 헤더 색상 면바지나 청바지, 린넨바지에도 다 찰떡으로 어울려서 활용도가 높아요!",5,21.08.13.,,
321,옷감도 지금 입기에 딱 좋은 것 같구요. 무엇보다 색감이 너무 예뻐요. 그리고 몸에 닿는 느낌도 까슬하지 않고 부드러우니 착용감 좋아요.,5,21.08.26.,,
322,선물했는데 좋아하네요.,5,21.09.22.,,
323,"입어보니 사이즈도 딱 좋고 핏도 너무 좋네요
 디자인도 너무 마음에 듭니다 
깔끔하고 요즘 매일 잘 입고 다니고 있네요
세탁기에 돌려도 괜찮은 거 같아요 소재가 아주 좋은 것 같아 마음에 드네요",5,21.08.20.,,
324,"디자인인깔끔하고 너무좋아요 
원단도 좋고   신랑이랑  커플로 입으려고 구매했는데 큰아이도 입고싶다고해서  가족티가되었네요  배송도 최고인고  원단디자인 핏감까지 완전 대만족입니다",5,21.08.20.,,
325,배송도 빠르고 사이즈도 저한테 딱이네요~!! 사진으로 보는것보다 실제로 입어보니 핏도 너무 이뻐서 대만족입니다~ ㅎㅎ 퀄리티가 좋아서 커플티로 입어도 너무 좋을꺼 같아서 하나 더 주문하려구요,5,21.08.16.,,
326,핏이 진짜 너무 예쁘네요~ 요즘 살이 쪄서 사이즈 살짝 크게 사긴 했는데 핏이 예뻐서 날씬해보이기도 하고 블랙이라 무난하게 매일 입어도 질리지 않는다는 점~! 진작 사서 올 여름에 자주 입고 다닐걸...ㅎㅎ 암튼 진짜 예쁘네요~,5,21.08.18.,,
327,보이즈제품잘맞아서딸아이꺼랑두개구매했어요컬러별로구매해서여름한때잘입었었는데이번엔블랙으로하나더샀어요사이즈도잘맞고예뻐요~,4,21.08.06.,,
328,보듷보들 좋아요 ㅎ,5,21.08.31.,,
329,핏도 깔끔하고 원단도 좋아서 커플티로 입으면 딱 좋을거같아용 목 늘어짐이 없는게 너무 맘에드네여! 배송도 빨라서 금방 받아봤어요,5,21.08.18.,,
330,티셔츠 진짜 입기 너무 편하고 그리고 남자 여자 남녀공용 이어 가지고 정말 괜찮은 거 같아요 정말 좋고 원단도 마음에 드네요 배송도 빨리 잘 받았습니다,5,21.08.20.,,
331,성인이지만보이즈사이즈XL를아이템있을때마다사서잘입고있었는데올여름엔면티셔츠블랙을딸아이꺼랑하나씩더구매했어요사이즈도잘맞고예뻐요~,4,21.08.06.,,
332,"커플룩으로 주문한건데 넘 맘에 들어요
백화점 라인이라 퀄리티가 다르더라구요
재질 마감등 모두 마음에 듭니다. 

배송도 완전 빠름,ㅎㅎ",5,21.08.21.,,
333,레드포니가 넘 예쁘네요 자칫 칙칙할 수 있는 블랙티셔츠에 포인트를 주고.. 커플티로 입어도 예쁠거같아서 남친한테 선물로 사주려구요~ 폴로꺼라 그런지 일반 보세 티셔츠보다 재질도 좋은거 같아요~! 잘 입고 다닐게요^-^,5,21.08.14.,,
334,"딱 원하던거 잘샀어요. 생각 했던것보다 저렴하고요
보는것보다 확실히 입었을때가 이쁘네요.
여름엔 이것만 입다가 좀 쌀쌀해지면 가디건이나 셔츠안에 입기 좋아요",5,21.08.18.,,
335,깔끔한 디자인이라 청바지랑 입으니깐 너무 이쁘네요 실제로 입어보니 핏도 딱이고 날씬해보여서 마음에 들어요 ~ 출근할때 입고갔는데 다들이쁘다고해서 잘산거 같아요 ~ㅎㅎ,5,21.08.19.,,
336,편하게 입을려고 구매했는데 넘 편해서 좋아요 사이즈 넉넉에서 반바지에 입으니 넘 넘 이뿌더라구요 두께감도 좋고 빨아도 늘어나지 않는 소재라서 오래 잘 입을듯 합니다,5,21.08.20.,,
337,"넘 예쁘고 청바지랑 입으면 깔끔하게 코디 가능해요
다른색도 구매할게요~",5,21.09.04.,,
338,"핏 예뻐요 ㅋㅋ 
재질이 좋아서 입고나가니 다들 예쁘다고 하네요 :) 
남녀공용이라 큰 사이즈로 하나 더 사서 신랑이랑 커플로 입으려구요 ^^ 
사이즈도 딱이에요.",5,21.08.19.,,
339,"사이즈도 딱맞고 입어보니 확실히 핏이 이쁘네요^^
컬러도 잘 골랐고 마감도 깔끔하니 가격도 착하고 맘에들어요^^ 재구매의향있어요~^^",5,21.08.19.,,
340,맘에들어요 딱 기본으로 유행안타고 언제든 꺼내입을수있는 아이템이라 소장하기좋아요.핏도예쁘구 청바지에 요거하나만입어도 넘 예쁘네요~,5,21.08.15.,,
341,"밖에서 사는것과 똑같이 너무 부드럽고 좋아요
착용감도 좋고 핏도 넘 맘에 듭니다 !! 배송 빠르게 잘받아서 기분이 참 좋았어요 ㅎㅎ",5,21.08.20.,,
342,"소재도 괜찮고 착용감도 편해요. 폴로 로고가 너무 귀엽네요^^
네이비랑 블랙 고민하다가 블랙 산건데 네이비도 하나 더 살까봐요..ㅎ
평소 66반 사이즈 입는데 활동하기 편하게 잘 맞아요 :)",5,21.08.14.,,
343,"여행가기전에 이쁘게 입히려고 준비했는데
입혀보니 생각했던거보다 훨씬 옷감도 좋고,
핏이 좋아서 아주 마음에 들어요 
기본이라 다 잘 어울리네요
커플로 같이 입게 저도 바로 사야겠어요",5,21.08.19.,,
344,"아 진심. 다들 사세요.꼭 사세요.
색은 꼭 아메리카 헤더로!!!
진짜 색 너무 이쁨.
정말이지 어디에 입어도 이쁘고. 대충 입어도,
신경써서 입어도.넘나넘나 이쁨.
옷이 몸매를 살리는 옷임",5,21.08.18.,,
345,"역시 재질은 부드럽고편해요! 
평상시 흰티셔츠를 자주 입는편인데 이건 너무 맘에 들어요~! 핏도 너무 딱 제 사이즈네요~ 착용감이 넘나리 좋은것! ㅎ",5,21.08.18.,,
346,반팔 티셔츠 많이 찾아보다가 가장 깔끔하고 고급스럽게 입을수있는 폴로 티셔츠를 구매해서 너무 잘 입고 있네요 사이즈도 잘 맞고 너무 좋은거 같아요,5,21.08.20.,,
347,"핏 너무이뻐요 ㅠ ㅠ 역시 폴로는 레드포니♥
빠른 배송 해주셨구요, 넘 꼼꼼하게 검수해서 보내주시네용
담에 남친것도 여기서 살래용",5,21.08.20.,,
348,기본티라 여기저기 받쳐입기 좋아요. 면도 부드럽고 사이즈도 제가 원하던 핏이라서 넘 맘에들어요. 배송도 빠르고 당분간 교복처럼 맨날 입고다닐것같네요. 다른 컬러도 추가로 구매해야겠어요,5,21.08.11.,,
349,"사이즈 정사이즈구요!
매장에서 사는거랑 똑같아요~
여행가서 남친이랑 똑같은 티 입고 사진 찍으려고 저도 하나 구매했는데, 청바지에도 잘 어울리고, 린넨에도 잘 어울리고 데일리로 입기 넘 좋네요~ 원단도 너무 얇지 않고 도톰한게, 로고 자수도 깔끔하게 잘 되어 있고 만족스럽습니다^^",5,21.08.04.,,
350,"착용감도 편하고 원단 질이 부드러워서 너무 잘 산것 같네용!!! 가격도 오프라인보다 훨씬 저렴하고 가성비 굿굿!!!
다음에 다른컬러 또 주문할게용~~~",5,21.08.19.,,
351,남자친구 선물로 구매했는데 디자인이 심플해서 코디하기 좋네요 핏도 이쁘고 사이즈도 딱이라서 남자친구 잘샀다고 좋아하더라구요 ㅎㅎ  배송도 빠르고 만족합니다~!!,5,21.08.18.,,
352,"사이즈도 좋고 다 좋았는데
빨래 할 때 뒤집어서 빨아야 할 듯 싶어요",5,21.09.04.,,
353,아 너무좋아요 진짜,5,21.09.13.,,
354,소재도 좋구 배송도 빠르구 너무 좋습니다,5,21.09.08.,,
355,저는 크게 입는 거 좋아해서 레깅스랑 입으려고 살짝 크게 샀는데 넘 맘에 들어요! 정사이즈로 하나 더 사서 청반바지랑도 입고 싶어요! 원단도 좋고 _ 기본디자인의 유명한 티라서 부담없이 여기저기 잘 입을 수 있겠어요^^,5,21.08.11.,,
356,핏도 이쁘구 색깔두 이뻐서 데일리용으로 짱 좋아요ㅋㅋ 남친이랑 커플티로 입으려구 남친것두 샀는데 남친이 넘 맘에 들어해요 히힛,5,21.08.22.,,
357,"사이즈 좋고 핏도 좋아서 맘에들어요
어깨랑도 편하니 잘 맞네요
백화점가기 귀찮아서 온라인 구매했는데 만족 스럽고 사이즈 성공요",5,21.08.16.,,
358,편하게 입으려고 그레이로 골랐는데 요기조기 찰떡처럼 잘 어울려서 데일리코디하기 편하네요ㅎㅎ 소재도 좋고 심플한 디자인이라 맘에 들어요~ 배송도 빨리 와서 주말전에 잘 입고다녔네요ㅎㅎ,5,21.08.15.,,
359,여자 66인데 약간 넉넉하게 바지안에 넣어입음 루즈한 느낌나서 예뻐여. 면 재질도 좋고 구냥 막빨아도 그대로라 여름 데일리로 느무 조아여!!,5,21.08.17.,,
360,"잘 받았습니다.
데일리로 입기 깔끔하고 좋습니다. 
목부분이나 원단이 쉽게 늘어날것 같진 않구요. 
촉감도 좋고 깔끔하게 떨어지는 핏이 맘에 듭니다",5,21.08.17.,,
361,"저렴하게 잘 구매했어요 ㅎ
핏도 너무 예쁘게 떨어지고 아주 만족스럽습니다
배송도 빠르고 매우 굿",5,21.08.22.,,
362,"빠른배송으로 잘받았어요
소재도 너무 부드럽고 역시 폴로답게 너무 이뻐요
시중에서 파는것보다 가격도 저렴하고 가성비 좋게 잘샀어요",5,21.08.19.,,
363,"사이즈 딱 맞아요 너무 작으면 어쩌나 했는데
어깨 핏도 적당하게 잘 떨어져서 이쁨
남편은 네이비 색상 사줬는데 네이비도 실제로 보니까
이쁨 가격대비 만족!!",5,21.08.20.,,
364,"티셔츠 너무 괜찮네요
사이즈도 괜찮고
핏도 살아있네요~~
진짜 저렴하게 잘구매햇어요 바로입엇는데 넘 편하고 좋아요",5,21.08.18.,,
365,"블랙이라 날씬해보이니까 자주 입게되네요
꾸민듯 안 꾸민듯한 느낌때문에 예쁘기도하고,  로고도 포인트되서 귀엽네요~ 데일리로 입기에도 참 좋아요
청바지에도 잘 어울리고 핫팬츠에도 잘 어울려요~
잘 산것같아요~ 잘 입을게요~",5,21.08.07.,,
366,"재질이 넘 넘 좋아요 목부분도 쨍쨍해서 잘 늘어나지 않아서 좋구요 두께감도 딱 좋아서 입기 넘 좋은듯 합니다 
사이즈 넘 좋아서 편하게 입기 좋은듯 합니다",5,21.08.20.,,
367,"폴로 보이즈는 처음인데 사이즈 괜찮네요
폴로 티 원래도 좋은거 알았는데 보이즈도 좋아요! 원단도 탄탄하고~ 지금 입기 딱 좋아요!
핏도 예쁩니다!",5,21.08.13.,,
368,적당해요 팔뚝부자라 아쉽지만 배송도 빠르고 좋아요!,5,21.08.17.,,
369,"편하기도 하고 제품 자체가 넘 좋아서 만족해요~~
가성비도 좋은 것 같고 입기가 편하네요 감사드려요^^",5,21.08.20.,,
370,"핏도 너무 예쁘고 재질도 좋습니다
입었을때 너무 편해서 활동하기에도 좋네용~~
심플하지만 박혀있는 로고가 포인트가 되서 만족해요",5,21.08.20.,,
371,역시 폴로티 너무 예뻐요! 아메리카 헤더 색상 진짜 깔끔한데 밋밋한 느낌이 아니어서 더 예쁘게 입을 수 있어요 추천추천!,5,21.08.21.,,
372,"기본티로 입기 정말 좋아요
사이즈도 잘 맞고 핏이 맘에 들어요 
청바지에 이거 하나만 입어도 없어 보이지않고
깔끔해 보이네요  ㅎㅎ",5,21.08.15.,,
373,커플룩으로 샀는데 좋아요,5,21.08.20.,,
374,"좋은 가격에 잘 샀어요~
깔끔하고 어디든 받쳐입음 이쁘네용~
사이즈도 딱 좋고 원단도 좋고 
깔별로 사줘야겠어요^^",5,21.08.20.,,
375,"폴로티 너무 저렴하게 사서 기분좋음ㅋㅋㅋ
핏도 넘 예쁘고 재질도 굿굿~~~
사고싶어서 여기저기 검색많이했는데 잘산거같음^^
배송도 빠르고 만족!!",5,21.08.12.,,
376,깔끔해서 코디하기 좋아요. 단독으로 하나만 입기도 좋아서 다른 색상도 추가 구매 하려구요! 딱맞게 입는걸 좋아하는데 핏도 이쁘고 전체적으로 마음에 들어요~,5,21.08.17.,,
377,결혼기념일에 여행가기로해서 커플티로 준비했어요:)  재질도 부드럽고 입었을때 핏도 이뻐요!!,5,21.08.18.,,
378,기본컬러에 여기저기 입기 좋아요. 유행없이 언제든지 입을 수 있어서 아주 쓰임이 좋아 만족해요.,5,21.08.20.,,
379,"배송 빠르게 도착했어요~ ㅎ
역시 퀄리티가 달라요~ 부드럽고 편해요~
청바지에 티셔츠 하나입어도 퀄리티 좋아서 그런지 핏이 너무 이쁘네요! ㅎ 
다음에 남편것도 하나 주문해야겠어요 ㅎ",5,21.08.14.,,
380,"보이즈 제품 구매는 처음이라 사이즈 선택함에 있어서 고민이 많았는데요, 보통 44~55사이즈 입는데 m사면, 크지도 않고 딱! 예쁘게 입을 수 있는 것 같아요ㅎㅎ!",5,21.08.26.,,
381,"기본티는 유행 안타고 입을 수 있어서 좋아요~
핏도 적당하고 예쁘게 나와서 잘 구매한거같아요
깔끔하고 어디에 코디해도 어울려서 사길 잘 한거같네요",5,21.08.20.,,
382,"폴로 반팔 너무 예뻐요 ~ 
제가 원하는 사이즈에 색도 딱이예요 !!
베이직 한 게 꾸안꾸 스타일 내기에 딱입니다. 
슬랙스에도 딱이예요",5,21.08.20.,,
383,"폴로 좋아하는데 무난한 디자인에 딱 심플한 마크라 정말 잘입고있어요 ㅎㅎ
블랙 샀는데 남녀공용이라 둘다 커플티로 입어도 이쁠거같슴니다
원단 좋아요!",5,21.08.16.,,
384,"기본티라 활용도 최고예요
핏도 예쁘고 면도 좋아서 건조기 돌려도 틀어짐이
없어요! 넘 맘에 들어요~",5,21.08.22.,,
385,흰색 구매후 입어보고 좋아서 다른색도 구매했습니다.,5,21.08.12.,,
386,흰색 구매후 입어보고 좋아서 다른색도 구매했습니다.,5,21.08.12.,,
387,역시 폴로만한게 없죠... 깔끔하고 고급져보이고 재질도 좋구 좋아요! 심플하게 청바지에 입으니ㅜ진짜 딱이에요!,5,21.08.21.,,
388,"핏감도 좋고 배송도 
빨라서 마음에 듭니다 
남녀공용이라 너무 크면
어쩌지 했는데 딱 맞고 이쁘네요
저렴한 가격에 득템했어요 !",5,21.08.19.,,
389,"핏 넘 예쁘게 떨어져요 작지도 않구크지도 않구
사이즈 선택 잘 한거같아요 ㅎㅎ 기본 티라서
가을 되면 가디건이나 자켓 안에 코디하려구요",5,21.08.21.,,
390,"길이감이나 품이나 딱 편하게 좋아요
크지도 작지도 않구요! 
가볍게 편해서 검은색으로 두장 더 구매했습니다",5,21.08.20.,,
391,"디자인 깔끔하고 너무 예뻐요 
착용해보니 핏도 좋고 면도 부드럽고 아주 좋아요 ^^
입어보니 너무 예뻐서 남편도 하나 사 가지고 같이 입고 다녀야겠어요 ^^
티셔츠  완전 마음에 들어요~!!",5,21.08.13.,,
392,깔끔하니이쁘네요 소재도 좋아요,5,21.08.31.,,
393,"마감도 깔끔하고 넘 이뻐요
싸이즈도 딱 좋은듯^^
깔별로 살까 생각중이예요
기본으로 입기 좋으네요",5,21.08.19.,,
394,"평소 입던 사이즈 그대로 주문했더니 핏이 이쁘게 잘 맞아떨어지네요 ㅎㅎ
처음에는 가격이 좀 부담스러웠는데요~ 입어보니 역시 최고!!
깔별로 소장하고 싶은 마음이 굴뚝이에요 ㅋㅋㅋ",5,21.08.18.,,
395,"데일리로 입기 좋네요~ 무난하고 심플한 디자인이라 어떤옷에 받쳐입어도 예뻐요><
핏도 예쁘고!! 원단도 좋아서 ~ 빨고 나서도 후줄근한 반팔티가 안되서 좋음 ㅋㅋ",5,21.08.08.,,
396,"가지고 있는 옷들이 전부 페미닌룩들이라서
데일리로 입을 수 있게 주문했어여
사이즈도 잘 맞고 확실히 브랜드라서 그런지 질이 좋네여 ㅎㅎ",5,21.08.19.,,
397,구멍난 제품 발송하고 교환처리 느림,1,21.08.16.,,
398,"면이 톡톡해서 세탁하고 오래 입어도 늘어날것 같지 않아요, 착용후 모양도 이쁘고 디자인 컬러 심플해서 맘에 쏙 들어요, 청바지에 입으면 진짜 이쁘네요 , 다른 컬러도 또 사고 싶어요",5,21.08.11.,,
399,감사합니다! 배송빨라요,5,21.08.13.,,
400,"핏도 진짜 너무좋네요
착용감좋고 대박인듯~
고민좀 하고구매햇는데 고민할
필요가 전혀없었어요 굿입니당~!",5,21.08.19.,,
401,"상의 사이즈가 애매한편인데 깔끔하게 딱 떨어지네요
정품이라 믿고 구매했고 라인도 이뻐요~
청바지, 면바지, 캐주얼치마에도 잘어울려요~",5,21.08.16.,,
402,유행안타는 기본스타일이라서 엄마 편하게 입으시라고 사드렸더니 너무 좋아하시네요 코로나 때문에 직접쇼핑하러 가기도 불안한데 잘샀다고 좋아하세요 마감도 깔끔하니 이상무네요~^^,5,21.08.12.,,
403,"배송 빠르게 잘 받았구요~ 백화점에서 사는것보다 같은 옷인데, 훨씬 저렴하게 사서 넘 좋네요^^
포장 잘되서 왔고, 원단도 좋고 마감처리도 깔끔해서~ 굳이 매장에서 비싸게 주고 살 필요 없을 것 같네요~",5,21.08.04.,,
404,"착용감이 편하고 사이즈도 잘 맞아요.
원단 고급소재라 줄고나 늘어나지 않을듯 해요.
심플한 폴로 로고가 포인트로 주기 과하지 않아 마음에 듭니다~
핏도 예쁘고 잘 어울려서 만족해요!",5,21.08.05.,,
405,디자인이 깔끔하게 나와서 어디에 받쳐 입어도 잘어울리네요 재질도 좋고 착용감도 좋고 깔끔하게 떨어지는 핏이 너무 맘에 듭니다,5,21.08.18.,,
406,"배송 빠르게 잘받았어요~
레드포니가 포인트 딱 되는게 깔끔하고 댄디하니
입으면 입을수록 좋네요
핏감이 이쁘고 재질도 톡톡하니 딱 좋아요",5,21.08.13.,,
407,"배송빨랐어요!
믿고사는 폴로죠  커플티로도  이뻐요!!
마감처리 넥라운드 깔끔하구 재질역시 좋구요~잘입고다닐께요 ~!",5,21.08.12.,,
408,역시 너무 이쁜거 같아요,5,21.09.06.,,
409,"깔끔하게 입고싶어서 화이트샀는데~!진짜깔꿈합니당~ 싸이즈또한 남녀공용이라 너무 핏하지않구요~~
배송도빨리 받아봐서 좋았습니당^^",5,21.08.18.,,
410,"사이즈핏도 잘맞고 무난해서 청바지랑 이쁩니다
티셔츠 소재가 좋아서 마음에 들어요
잘입는중이에요",5,21.08.21.,,
411,"강력추천합니다 대만족입니다 배송이 엄청 빠르게와서 좋았고, 상품질도 너무 좋아요",5,21.08.16.,,
412,"너무 이쁘게 잘 입고있네요 ~~ 사이즈도 잘맞고 
핏감도 좋고 배송도 빨라서 정말 만족스러웠네요
깔별로 더 구매하고 싶어져요 !!",5,21.08.13.,,
413,"소재도 좋고 목부분도 짱짱한게 딱 좋은것 같아요~
심플한 디자인에 청바지랑 입으니 너무 예쁘네요",5,21.08.16.,,
414,"옷 잘 받았어요~ 
사이즈 잘 맞구 깔끔하네요 
매장에서 보다 저렴하게 잘 산것 같아 만족합니다",5,21.08.18.,,
415,44-55사이즈 입으시는 여성분은 (크게 입는것을 좋아하지 않는 경우) m사시면 딱 예쁘게 입으실 수 있는듯해요. ㅎㅎ,5,21.08.26.,,
416,"깔끔한 티셔츠 구매하고 싶었는데 폴로 반팔티셔츠가 정답인거 같아요 
너무 깔끔하고 이뻐서 너무 잘 입고 있네요 남자친구도 잘 어울린다고 좋아합니다",5,21.08.17.,,
417,"배송빠르고 사이즈도 딱 맞아서 좋네요
다른색상으로도 구매할게요",4,21.08.04.,,
418,"배송 엄청나게 빨리 왔네요 !! ㅎㅎ 
옷 핏감도 좋고 청바지랑 입기 딱이에요 !! 남자친구도 선물해주고 커플로 입어야 겟어요 !",5,21.08.13.,,
419,재질이 부드럽고 유행도 안타서 편하게입고 다니기에 좋은거 같아요. 심플해서 어디에도 잘 어울려서 잘 입고 다닐 것 같아요.,5,21.08.16.,,
420,"폴로티셔츠가 기본티라서 구매했어요
어디에든 받쳐입기 쉽고 저렴한티도 안나고해서 좋아하는 메이커중 하나예요
배송도 빠르고 잘 샀어요",5,21.08.11.,,
421,감사합니다!!! 좋아용,5,21.08.13.,,
422,폴로를  맨날 백화점에서만 사입다가  온라인으로 이렇게 착한 가격에 살수 있다니  좋네요  재질도  짱짱하고   착용감도 좋아서  여름내내 잘입고 있어요.  사이즈도 적당하고   청바지랑 입으니  더 예뻐보이네요,5,21.08.03.,,
423,"옷이 깔끔한게 너무 마음에 듭니다.^^
평소에 55 입는데 핏이 어벙벙하지 않고 이뻐요~^^
청바지에 너무 잘 어울려용",5,21.08.13.,,
424,66사이즈인데 작지않게 예쁘게 잘맞아요 면이 부드럽고 좋네요 제것만 샀는데 신랑것도 구매하러왔어요ㅎㅎ,5,21.08.17.,,
425,너무 예뻐요! 진짜 만족합니다,5,21.08.27.,,
426,"깔끔하고 좋아요 
딱 원하던 디자인이라 
믿어 의심 없이 주문했는데
하루만ㅇ ㅔ배송!ㅋㅋ 오자마자
바로 꺼내 놨는데 퀄리티도 좋고
만족스러워서 선물해도 될정도네요^^",5,21.08.13.,,
427,"평소 55사이즈 입고 적당하게 맞게 입는 스탈이라 
M사이즈 샀는데 딱 맞아요 ㅋㅋㅋ그렇다고 붙는 스탈 아니구요~",4,21.08.05.,,
428,"넘나 이쁨.
작년에 선물받아서 입고다니다가,
넘 맘에 들어서 올해는 내돈내산!
재질도 색상도 넘 좋고
목도 잘 안늘어나고. 
코디하기도 넘 편하고.",5,21.08.20.,,
429,착용감도 좋고 사이즈도 적당해요 포장도 꼼꼼하게 신경써서 보내주신 느낌이 많이 들었고요 배송도 빨리 왔어요,5,21.08.11.,,
430,"마감도 깔끔하고 원단도 튼튼하네요 ㅋㅋ
컬러도 마음에 들고 베이직하고 깔끔한 디자인이라 어디다 맞춰입어도 코디가 잘 되서 만족스러워요 ㅋㅋ",5,21.08.11.,,
431,재질좋고 핏도괜찮아요,5,21.08.29.,,
432,"착한가격에 잘 샀어요 ㅎㅎ
여기저기 받쳐입기 딱이고 사이즈 핏 다 만족해요
깔끔하고 너무 이쁩니다 ㅎㅎ",5,21.08.14.,,
433,"배송 안전하게 잘 받았습니다.
사이즈도 좋고 깔끔해서 자주입고있어요.
마감도 깔끔하고 원단이 탄탄해서 오래입을 수 있을 것 같아서 만족합니다.",5,21.08.04.,,
434,재질좋고 핏괜찮아요,5,21.08.29.,,
435,"디자인이 아주 깔끔 그 자체네요^^
바느질도 한땀한땀 아주 깔끔하게 마무리 되어있구요 
사이즈도 딱이고 청바지에도 면바지에도 모두 다 잘 어울려요 
맘에듭니다~",5,21.08.03.,,
436,"160에 56키로에요

넉넉히 입으려고 샀어요~~~
넉넉합니당~^^",5,21.08.29.,,
437,"세탁후에도 형태 그대로이고 변형없어요
어디서나 편하게 입을 수 있는 디자인이라서 마음에 들어요
박음질 및 원단 좋아요",5,21.08.18.,,
438,"지난번엔 가품 잘못사서 싸우고 환불하고 그랬던 기억이 있는데 이번엔 제대로된 정품을 구입했네요^^
역시 재질이나 박음질의 마감 퀄리티가 확틀려요~기본티는 폴로제품이 불변의 진리죠~너무 잘입고 다닐꺼 같아요~",5,21.08.01.,,
439,작년에 비싸게 주고 샀는데 한철 넘 잘입고 올해 새로 구입해요 기본티면서 포니가 포인트라 옷이 예뻐요 올해는 블랙샀는데 화이트포니가 넘예뻐요 옷감 마무리도 깔끔하고 원단도 괜차나여  빨래해도 옷 변형없구 좋아요,5,21.07.31.,,
440,"핏 넘 예쁘고~ 날씬해 보이네요! 기본티이면서 폴로마크가있는게 넘 깔끔해보이고 예뻐요~ 원단 마감처리도 그렇고! 믿고 구입헀는데 완전 만족해요! 
기본 스탈이라 어떤 코디도 다 잘어울리네요",5,21.07.30.,,
441,감사합니다!!! 좋아용,5,21.08.13.,,
442,폴로를  맨날 백화점에서만 사입다가  온라인으로 이렇게 착한 가격에 살수 있다니  좋네요  재질도  짱짱하고   착용감도 좋아서  여름내내 잘입고 있어요.  사이즈도 적당하고   청바지랑 입으니  더 예뻐보이네요,5,21.08.03.,,
443,"옷이 깔끔한게 너무 마음에 듭니다.^^
평소에 55 입는데 핏이 어벙벙하지 않고 이뻐요~^^
청바지에 너무 잘 어울려용",5,21.08.13.,,
444,66사이즈인데 작지않게 예쁘게 잘맞아요 면이 부드럽고 좋네요 제것만 샀는데 신랑것도 구매하러왔어요ㅎㅎ,5,21.08.17.,,
445,너무 예뻐요! 진짜 만족합니다,5,21.08.27.,,
446,"깔끔하고 좋아요 
딱 원하던 디자인이라 
믿어 의심 없이 주문했는데
하루만ㅇ ㅔ배송!ㅋㅋ 오자마자
바로 꺼내 놨는데 퀄리티도 좋고
만족스러워서 선물해도 될정도네요^^",5,21.08.13.,,
447,"평소 55사이즈 입고 적당하게 맞게 입는 스탈이라 
M사이즈 샀는데 딱 맞아요 ㅋㅋㅋ그렇다고 붙는 스탈 아니구요~",4,21.08.05.,,
448,"넘나 이쁨.
작년에 선물받아서 입고다니다가,
넘 맘에 들어서 올해는 내돈내산!
재질도 색상도 넘 좋고
목도 잘 안늘어나고. 
코디하기도 넘 편하고.",5,21.08.20.,,
449,착용감도 좋고 사이즈도 적당해요 포장도 꼼꼼하게 신경써서 보내주신 느낌이 많이 들었고요 배송도 빨리 왔어요,5,21.08.11.,,
450,"마감도 깔끔하고 원단도 튼튼하네요 ㅋㅋ
컬러도 마음에 들고 베이직하고 깔끔한 디자인이라 어디다 맞춰입어도 코디가 잘 되서 만족스러워요 ㅋㅋ",5,21.08.11.,,
451,재질좋고 핏도괜찮아요,5,21.08.29.,,
452,"착한가격에 잘 샀어요 ㅎㅎ
여기저기 받쳐입기 딱이고 사이즈 핏 다 만족해요
깔끔하고 너무 이쁩니다 ㅎㅎ",5,21.08.14.,,
453,"배송 안전하게 잘 받았습니다.
사이즈도 좋고 깔끔해서 자주입고있어요.
마감도 깔끔하고 원단이 탄탄해서 오래입을 수 있을 것 같아서 만족합니다.",5,21.08.04.,,
454,재질좋고 핏괜찮아요,5,21.08.29.,,
455,"디자인이 아주 깔끔 그 자체네요^^
바느질도 한땀한땀 아주 깔끔하게 마무리 되어있구요 
사이즈도 딱이고 청바지에도 면바지에도 모두 다 잘 어울려요 
맘에듭니다~",5,21.08.03.,,
456,"160에 56키로에요

넉넉히 입으려고 샀어요~~~
넉넉합니당~^^",5,21.08.29.,,
457,"세탁후에도 형태 그대로이고 변형없어요
어디서나 편하게 입을 수 있는 디자인이라서 마음에 들어요
박음질 및 원단 좋아요",5,21.08.18.,,
458,"지난번엔 가품 잘못사서 싸우고 환불하고 그랬던 기억이 있는데 이번엔 제대로된 정품을 구입했네요^^
역시 재질이나 박음질의 마감 퀄리티가 확틀려요~기본티는 폴로제품이 불변의 진리죠~너무 잘입고 다닐꺼 같아요~",5,21.08.01.,,
459,작년에 비싸게 주고 샀는데 한철 넘 잘입고 올해 새로 구입해요 기본티면서 포니가 포인트라 옷이 예뻐요 올해는 블랙샀는데 화이트포니가 넘예뻐요 옷감 마무리도 깔끔하고 원단도 괜차나여  빨래해도 옷 변형없구 좋아요,5,21.07.31.,,
460,"핏 넘 예쁘고~ 날씬해 보이네요! 기본티이면서 폴로마크가있는게 넘 깔끔해보이고 예뻐요~ 원단 마감처리도 그렇고! 믿고 구입헀는데 완전 만족해요! 
기본 스탈이라 어떤 코디도 다 잘어울리네요",5,21.07.30.,,
461,"기본티면서 폴로라 완전 간지나고 예뻐요~ 청바지 치마 다 잘어울리고 무난하네요! 
날씬해보이고! 핏이 예쁨 ㅎㅎ 가격 착하게 잘 구입했어요
올 여름엔 뽕빨나게 입을듯해여 ㅎ",5,21.07.30.,,
462,"핏 너무 이뻐요^^
깔끔하고 데일리 하게 입기 좋아요~! 
사이즈도 생각햇던 것 보다 넉넉해서 편하게 잘 입고 다니고 있어용 ㅎㅎ 담번엔 화이트색상도 구매해봐야겟어요 ㅎㅎ",5,21.08.03.,,
463,"역시 폴로티네요 핏도 예쁘고 원단도
좋아요 장수하는데는 이유가 있네요
어디에 입어도 기본티라 다 잘 어울리고
화이트살까 블랙살까 고민했는데
블랙사길 잘한거 같아요 넘 예쁘네요
백화점쪽으로 나오는 건데 금액도
저렴하구요",5,21.07.29.,,
464,"재질이 좋아서 만족합니다
길이나 통도 적당하고 가격도 좋고 자주 입을것 같아요",5,21.08.18.,,
465,무넛보다 질이 진ㅉㅏ 좋네요,5,21.08.20.,,
466,"기본티로 입을 옷을 알아보다가 주문을 했는데 두께도 좋지만 시원한 면이라서 너무 좋아요~~~
아무때나 입어도 되니 편하고 좋네요",5,21.08.11.,,
467,디자인이 깜끔하고해서  큰딸이랑 커플로  입으려고 구매했는데  급격히 살이쪄서  안맞으면어쩌나했는데 싸이즈도 좋고  마감도 잘되어있어서 너무좋네요  배송도 너무빠르게잘해주시고  강추입니다,5,21.08.03.,,
468,"빠르게 잘 받았어요!
원단도 쫀쫀하고 박음질상태도 꼼꼼하네요
더운여름 심플하게 데일리로 깔끔하게 입기 좋아요
살짝 여유있는사이로 택했는데 예상핏대로네요ㅎㅎ",5,21.08.04.,,
469,군더더기 없이 딱 깔끔한 폴로 반팔티셔츠에요~ 반바지에도 잘어울리고 조금 더위풀리면 청바지에 입어도되고 면바지에 입어도되고 ㅎㅎ 뭐 만능이쥬~ 마감도 잘되어있어서 만족스럽네요 ~~ 그레이 색상도 이쁘구요 ~ !!,5,21.08.03.,,
470,배송빨리왔네요 편하고 재질좋아서 마음에들아요~ 입으니깐 핏이 예뻐서 하나더 재구매하려구여,5,21.08.07.,,
471,"매장보다 훨 착한 가격에 득템했어요!
역시 폴로는 갠적으로 그레이컬러가 취저입니당
여름부터 초가을까지 교복처럼 입을꺼에요ㅎㅎㅎ",5,21.08.12.,,
472,"사이즈 넘 이쁘게 잘 맞아요
배송도 빠르고 
나름 저렴하게 사서 좋네요 

커플티로 또 구매하려고요",5,21.08.14.,,
473,"깔끔하고 좋네요 여름에 날씨가 너무 덥고 집에 어두컴컴 색상에 옷만 있어서 화이트로 주문했는데 배송도 빠르게 잘 도착해서 마음에 들어요!
빨래 한번 돌려봤는데 보풀.실밥이 안생겨서 너무 좋네요",5,21.07.31.,,
474,"편하게 데일리로 입기 좋아요
재질도 너무 좋고 입어보니 핏이 넘 이쁘네요
커플티로 맞춰입어야겠어요ㅎㅎ",5,21.08.16.,,
475,"옷도 너무 예뻤지만, 배송이 빨라서 너무 좋았어요.",5,21.08.26.,,
476,"정품제품을 매장보다 훨씬 저렴하게 구입할수 있어서 좋네요
베이직한티셔츠지만 역시나 마감이나 재질이 쫀쫀하고 고급스럽고 입었을때 핏감도 너무 이쁘게 떨어져요",5,21.07.31.,,
477,살짝 오버핏으로 입을려고 사이즈 한단계 큰걸로 주문했어요 배송도 빠르게 잘 도착했고 옷이 너무 이쁘네요 ! 백화점 상품이고 정품이라 더 마음에 들어요 저렴하게 잘 구입한거같습니다,5,21.07.30.,,
478,포니 기본티는 어떤 하의랑 입어도 잘 어울리고 진짜 기본템이라서 질리지도 않아요 하나쯤은 꼭 있어야 하는 디자인이에요 소재가 쫀쫀하고 목 부분도 탄력 있어서 늘어지지 않을 거 같아요 오래 입을 수 있을 듯 면이 정말 좋아요ㅋㅋ,5,21.08.01.,,
479,"편하고 착용감 좋아요
무엇보다 폴로 반팔 디자인 넘 깔끔하고 이쁨^^
유행안타고 오래 잘 입겠네요!",5,21.08.13.,,
480,"기본면티지만 스타일리쉬하게 입을수 있는 기본아이템으로 한두개쯤은 깔별로 소장해야해요 !! 
착용시 핏감이 너무 이쁘고 편안해서 단독으로 입어도 이쁘고 |커플로 입으면 더 이쁜 티인듯해용 남편것도 하나더 사서 가족사진 찍을때 입을까봐영",5,21.08.01.,,
481,사이즈도 정상이즈에요 ㅎㅎ 매장에서 사는거랑 정말 똑같은거 같아요 면도 너무 좋아아서 세탁하면서 오래 입어도 늘어남이 없을꺼 같네요,5,21.08.11.,,
482,역시 이런 기본티는 폴로가 최고인듯요~ 원단도 좋고 입어보면 핏이 달라요~ 좀 더 슬림해보이는 핏이라 넘 맘에 들어요~ 화이트컬러 깔끔한게 넘 예쁘네요~,5,21.07.29.,,
483,블랙에 레드포니는 스테디죠. 예전에 입던거 낡아서 새로 샀는데 백화점에서 샀던거랑 재질이 같네여. 저렴하게 잘샀어여^^,5,21.08.12.,,
484,쏘 깔끔~ 여름에 딱 입기 좋으면서 유행도 안 타는 디자인 살 많이 쪄서 Xl 주문했더니 몸에 달라붙지도 않고 딱 좋네요 잘 입을게요~ 배송 빠르게 왔고 포장도 잘 되서 도착 했어요 소재 부드럽고 좋아요 ㅎㅎ,5,21.07.31.,,
485,"배송도 빠르고 흰색으로 주문했는데 역시네요!
흰색티에 청바지 입어주니 진짜 넘 이뻐요
디자인도 깔끔하면서 원단까지 좋아요",5,21.08.02.,,
486,"폴로반팔티 커플티로 입으려고 구매해서 
너무 이쁘게 잘 입고있네요 
역시 폴로네요 깔끔하고 이쁩니다ㅎㅎ",5,21.08.13.,,
487,"티 하나만 입어도 슬림하고 테가 나서 예뻐요
반팔티 입을게 없어서 산건데 잘산거 같아요
그냥 로고 하나 있어서 그런지 단정한 느낌이 나서 회사에도 입고 갈 수 있을듯요! 
다른색상도 더 사서 돌아가며 입어야겠어요",5,21.07.30.,,
488,"사이즈는 정사이즈인것 같아요
네이비색상에 포니가 포인트로 되어있어 깔끔합니다..
가격 저렴하게 구매 잘했고 기본티라 어디에나 잘어울리는점이 장점이져",5,21.08.05.,,
489,"평상시 100입은데 XL사이즈로 주문하니 딱 맞네요
역시 소재도 좋고 눈으로 보기에도 마감처리까지 완벽ㅎㅎ
데일리로 입기도 좋고 기본템이라 매치하기도 좋고 다른색상 더 구매해야겠어요",5,21.08.02.,,
490,"역시 폴로!! 너무 이뻐요 입었을때 핏 느낌이 너무 이쁘고
재질도 너무 좋고 근데 너무 싸게 산듯
개 득템!! 존좋!! 몸매 정말 이뻐보임!!",5,21.08.01.,,
491,"기본핏이에요~ 깔끔하고 좋습니다 면도 탄탄하구요
그냥 청바지에 입어도 이뻐요",5,21.08.18.,,
492,남자친구 선물로 샀어요. 다른 컬러로 가지고 있는데 맞게 잘 왔네요. 다음에도 주문할게요.,5,21.08.13.,,
493,173/73 남 딱ㅁㅏㅈ네요,5,21.09.14.,,
494,"원단도 되게 부드럽고 좋구요.
더운 여름날에 입기 딱 좋은거 같아요.
핏도 되게 이쁘구 무엇보다 너무 얇지 않아서 속이 비치는게 없어서 좋더라구요 ㅎㅎ",5,21.08.03.,,
495,백화점퀄리티급 티 이쁘네요! 데일리로 가볍게 입기 좋고 기본티로 여기저기 받쳐입기도 좋습니다 커플로 맞춰서 입었는데 잘산거같아요 배송빠르고 옷재질이나 마감도 깔끔합니다,5,21.08.03.,,
496,"핏 예쁘게 잘나오는거같아요
무난하게 자주입기 좋은 디자인 ㅎㅎ
신랑이랑 커플티하게 더 주문해야겠네용",5,21.08.14.,,
497,"원단이 톡톡하고 질이 좋아요.
기장도 길지 않고 알맞아 마음에 들어요.
심플하고 무난한 기본티라 활용성이 좋은 티셔츠예요.
로고도 멋스럽고 유행타지 않아 데일리로 즐겨 입고 있어요~",5,21.08.02.,,
498,"베이직한 디자인을 선호합니다.
유행 타지 않고 오래 입을 수 있고, 이러나저러나 제일 예쁜 것 같아요.
회사 사복 데이에 청바지나 면바지에 입고 나가면 깔끔하게 차려입은 느낌이 나서 좋습니다.",5,21.07.31.,,
499,폴로 넘 좋아해요 ㅎㅎ 정사이즈에 핏도 딱 알맞고 커플룩으로 손색없네요,5,21.08.13.,,
500,"아울렛보다 저렴하게 잘샀어요 ㅎㅎ
여름철이라 자주 빨아서 기본티는 매년 구매하는것 같아요 ㅎㅎ 
문제없이 제품 상태 아주 좋아요!! ㅎㅎ",5,21.08.04.,,
501,"완전 예쁜 티셔츠예요 ~
검정 슬랙스 입어도 좋고 폴로 로고가 완전 예쁨 폭팔 !
저에게 쏙 잘 맞네요 ㅎㅎ 뿌듯",5,21.08.11.,,
502,미듐 사이즈 55입으시면 적당하게 잘 맞아요 !! 면이 얇아서 시원해여 !,5,21.08.16.,,
503,"디자인이 깔끔하고   원단이 좋아서 맘에들어요 
착용감도 좋고  핏감이 이뻐서  자주입을수있을수 잇을것같아요  배송도 너무잘해주셔서   강추",5,21.07.28.,,
504,"여름에는 이렇게 편하고 깔끔한 느낌의 티가 좋더라구요
폴로 제품이라서 그런지 질이 짱짱해서 마음에 들어요
바지 어떤걸 입어도 잘 어울려요:)",5,21.08.04.,,
505,"폴로티 매니아인데 살펴보니 목부분 박음질이 견고 하고 소재가 촘촘하고 매끄러운게 딱 보기에도 정품이 맞네요^^
베이직한 티는 늘 갖춰 놓는편이라 몇개더 쟁여놔야 겠어요",5,21.07.31.,,
506,"너무 타이트하지도 않고 입었을 때 핏도 잘 떨어져서 좋네요
주문할 때 블랙도 같이 더 주문할 껄 후회되네요^^;; 디자인, 소재, 길이감, 사이즈 모두 완벽합니다 굿굿",5,21.08.02.,,
507,"편해요. 진짜
데일리로 입기에 부담 없어요
빅포니도 하나 구매해야 겟어요",5,21.08.13.,,
508,"티셔츠 빠르게 배송 잘받았어요~
원단이 너무 얇지 않아서 입었을때 핏감이 무척 이쁘네요
폴로로고 포인트가 깔끔하니 단정하고 이뻐요 굳!",5,21.07.29.,,
509,"배송빠르게 잘 받았어요 
사이즈도 잘 맞고 핏이 너무 이뻐요 ㅎㅎ
화이트로 하나 더 살려구요 ㅎㅎ",5,21.08.07.,,
510,"핏감이 진짜 이뻐요
입었을때 느낌도 너무 좋고.
특히 옷입고 옆으로 돌때 허리라인이 진짜 이쁘께 빠져요
이 옷입고 사진찍을때는 꼭 옆으로. 전신샷 강추!",5,21.08.02.,,
511,"휴가때 입으려고 커플룩으로 주문했는데 
재질도 좋고 마감도 깔끔합니다. 퀄리티 좋음!!
티에 청바지만 입어도 이쁘고, 신축성이 좋아서 편하게 입고 있어요",5,21.07.27.,,
512,사이드도 적당하고  착용감 넘넘  좋네요.  소재도 좋고 청바지에 입으니  세상 잘어울리네요.  폴로티인데   저렴하게  살수 있어서  좋았어요,5,21.07.27.,,
513,"착한 가격에 마음에드는 티셔츠를 
구입했어요. 핏도 예쁘고 깔끔해서 좋네요.
기본 스타일이라 어디든 잘 어울려서 코디하기좋아요.",5,21.07.29.,,
514,옷감이 너무 좋아요!,5,21.08.26.,,
515,"넘 예쁘고 좋아요
백화점이랑 품질은 같으면서 가격은 저렴하네요
배송도 빠르게 잘 오고 더 싸게 잘 산것같아 넘 만족스러워요!!",5,21.08.04.,,
516,재질도 짱짱하고 비침이 없어서  편하게  잘입고 있어요 팔길이도 적당하고  기장도 적당해요  청바지위에 입으니  깔끔하고  잘어울리고 발랄해보이네요. 여름내내 너무 잘입을거 같아요.,5,21.07.28.,,
517,"사이즈도 딱이거 역시 폴로는,, 할말하않^^
어디에 입어도 어케 코디가 찰떡인지 신기할따름
슬렉스 청바지 반바지 그냥 다 잘 어울려서 반 교복처럼 매일 입고다니는중ㅋㅋㅋ",5,21.07.30.,,
518,"디자인이 심플해서 유행 안타고  착용감도 편하고 좋아요.
폴로인데두  이리  저렴하게 살수 있다니  흐뭇하네요
사이즈도 적당하고  여름에 입기 딱 좋아요",5,21.07.27.,,
519,부드럽고 땀도 안차서 쾌적하게 입고다니기 정말 좋습니다. 마감도 잘되있어서 부풀도 안생기고 스판도 좋아서 꽉 끼지 않네요,5,21.08.08.,,
520,"깔끔한게 정말 예뻐요
특히 청바지 잘 어울리더라구요
착용감도 좋고 만족합니다
남자친구랑 커플로 입으면 정말 예쁠듯싶어요",5,21.08.01.,,
521,"깔끔하게 청 반바지에 받쳐 입으려고 샀는데 완전 마음에 쏙 들어요~~~♡
사이즈 때문에 고민했었는데 다행히 잘 맞고요.
다른 색상 추가 구매를 진지하게 생각 중입니다 :)",5,21.07.31.,,
522,"착용감 좋고, 심플한 디자인이라 만족이에요. 
핏도 예쁘고 사이즈 잘 맞네요 ^^ 
저렴하게 잘 샀어요 빠른배송 감사리요 ㅋㅋ",5,21.07.27.,,
523,"빠른배송 감사합니다 : ) 
유행안타면서 오래입기 좋은건 폴로티만한게 없는거 같아용
심플이즈 베스트 ㅋㅋ 예쁘네요 잘 입을게요",5,21.07.30.,,
524,"데일리로 입을 티로 딱이네요.
목둘레가 쫀쫀하게 나와서 여름옷 자주 빨아도
늘어남이 없을 것 같구요~
핏도 넘 이쁘게 떨어지네요ㅋ 
가격도 착하고 잘 산것 같아요",5,21.07.27.,,
525,적당한 핏에  깔끔한 디자인이라   편하게 입기  아주좋아요  재질은 따져볼것도 없이 너무 좋네요. 백화점보다  저렴하게 살수 있어서 뿌듯~~,5,21.07.28.,,
526,옷 이쁘고 사이즈 좋습니다,5,21.08.22.,,
527,옷 이쁘고 사이즈 좋습니다,5,21.08.22.,,
528,"원하는 시간에 딱 배송되서 좋아요 ^^ 
청바지에 잘울리고 
재질도 좋은거 같아용",5,21.08.04.,,
529,"배송 빠른거 좋아하는데 배송시간이 잘 지켜져서 좋아요 ㅎㅎ

예전에 여기서 셔츠도 구매해봤는데 만족스러워서 티셔츠도 구매했습니다.

보이즈 제품이라 사이즈가 일반 셔츠보다 작아서 크게 주문하는게 좋을거같아요 ㅎㅎ XL사이즈가 핏도 좋고 딱 적당하네요.",5,21.07.24.,,
530,"정품확실한거같아요 ㅎㅎ
어디든 받쳐입기 좋고 깔끔해서 이뻐요
사이즈도 잘 맞고 좋은가격에 잘 산거 같네요",5,21.08.04.,,
531,"깔끔하고 예뻐요.
핏도 깔끔하게 딱 떨어지고
기본티로 아주 좋습니다
흰색은 감당이 안될까봐 블랙으로 선택했는데 잘 고른듯요 ㅋ",5,21.07.31.,,
532,일부로 오버핏으로 입을려고 사이즈 큰걸로 주문했어요 사이즈도 적당하게 오버핏이고 너무 이쁘네요 일부로 흰색으로 주문했는데 여리여리해 보이고 질도 괜찮고 정말 마음에 들어요,5,21.07.26.,,
533,편해서 요즘 매일 이것만 입고 다녀요.    재질도 짱짱하고 비침 없어서 속옷도 신경도 안써도 되고 좋드라구요.  착한 가격에 살수 있어서 뿌듯했네요,5,21.07.30.,,
534,"한사이즈 업했더니 편하게 잘 맞아요
기본 디자인이라 어떤 옷에 매치해도 잘 어울리고요
검정으로 하나 더 사려고 재방문 했습니다.

이번에도 빠르게 보내주세요^^",5,21.07.27.,,
535,배송빠르게 왔어요 사이즈도 딱 맞아요,5,21.08.08.,,
536,남편 입으라고 사줬어요. 폴로인데 가격도 괜찮고 뭐 제품 상태야 두말할 것도 없죠. 천부터 보세랑 확연히 다른게 느껴져요. 남편도 옷 이쁘다고 좋아하더라구요.,5,21.07.27.,,
537,"기본 티로 받쳐 입기에도, 단독으로 입기에도 좋더라고요.
뒤틀림 없는 면이라서 오래 입어도 좋을 것 같아요.
저렴하게 득템했네요~",5,21.07.31.,,
538,"유행타지않게 심플해서 아주 좋아요 ㅎㅎ
마감도 깔끔하고 역시 폴로티입니다~
흰색으로 한장 더 구매해야겠어요",5,21.08.01.,,
539,"착용감 편하고 재질도 괜찮아요
가격도 이정도면 괜찮고 배송도 빨랐습니다
감사합니당 잘 입을께영",5,21.07.29.,,
540,기본티 좋아하는 남편 주려고 샀어요 확실히 백화점라인이라 그런가 면이 좋네요!! 핏도 적당하고 남편이 마음에 들어하네요!!,5,21.08.02.,,
541,청바지에 입던 어디에 입던 깔끔하게 잘 어울려서 좋아요 몸매 라인 타고 흐르는 듯한 깔끔한 디자인도 넘 좋고 질리지 않고 오래 오래 입을 수 있는 디자인인 것도 좋아요~ㅋㅋ,5,21.07.31.,,
542,"사이즈도 잘 맞고 로고도 넘 이뻐요
슬림핏이라 날씬해 보여서 좋아요 
역시 화이트가 진리♡",5,21.07.31.,,
543,"여자친구랑 같이 커플티로 입으려고 주문했는데 둘다 사이즈 잘 맞고 핏도 좋아요!
맘에 쏙 듭니다 ㅎㅎ",5,21.07.28.,,
544,너무 예쁘네요 많이 파세요!,5,21.08.19.,,
545,"길이감도 완전 딱이구 재질도 좋음!! 
매장보다 저렴하게 사서 기분 좋게 입고 있구요 
커플룩으로 강추합니당~!!",5,21.07.27.,,
546,"세련되고 깔끔한 기본 티셔츠라 코디하기도
쉽고 착용감도 부드럽고 편안하네요.
핏도 좋아서 마음에들어요.",5,21.07.30.,,
547,"이번에 휴가가서 커플티로 입으려고 구매했어요
심플하면서도 포니로고가 깔끔하게 잘어울리네요
잘입겠습니당",5,21.08.03.,,
548,"역시 깔끔하면서 베이직한건 요거 짱인거같아요
핏도 넘 예쁘고 목선이나 아랫단 마감처리도
튼튼해서 늘어짐이나 말림현상도 안생기네요",5,21.07.30.,,
549,"깔끔하게 잘 포장되어서 왔어요. 44입는 마른 체형이지만 넉넉하게 입는 걸 좋아해서 L 사이즈로 샀고, 오버핏으로 잘 맞아요.",5,21.08.04.,,
550,"편하게 입을 옷 찾다가 구입했어요
그냥 티셔츠 하나만 입어도 옷 테가 나서 만족이예요
다음에 다른 색으로 더 사보려 합니다~!",5,21.07.30.,,
551,"디자인이 깔끔하게 나와서 어디에 받쳐 입어도 
이쁘네요~남녀 공용이라 사이즈도 널널하고 
옷질이 좋아서 올 여름 편하게 입겠어요.
남편것도 주문 해야겠네여",5,21.07.27.,,
552,"넘 편해용
어찌 계절마다 입을옷이 없는건지 ㅋㅋ
여기저기서 옷 구매중인데 이게 젤 맘에 드네용~
남친이랑 커플티로 입어도 넘 이쁠듯!",5,21.07.29.,,
553,"깔끔하고 사이즈 딱 좋습니다
구매한뒤로 요즘 자주 입는 옷중에 하나에요~
다른 컬러로 더 쟁일까봐요
무난해서 어디든 잘 어울리네요",5,21.07.29.,,
554,"촉감이 너무 맘에들어요~
남펴니랑 커플룩으로 샀는데 청바지에, 면바지에도  잘어울리고 
깔끔하네요!",5,21.07.28.,,
555,"깔끔합니다
백화점이 멀어 인터넷으로 주문했는데
가격도 훨 저렴하고 좋네요
다른 색상도 추가로 구입할 예정입니다",5,21.07.28.,,
556,"남편 사줬는데 엄청 맘에 들어하네요 
재질도 좋고 핏도 예뻐요. 
깔별로 쟁이려고요!",5,21.07.26.,,
557,"입었을 때 핏이 이쁘게 떨어져서 자주 손이 가요
화이트라서 깔끔한 느낌이 나서 아내도 하나 사주려합니다
같이 입으면 커플느낌나도 좋을 것 같아요",5,21.07.30.,,
558,"집에서 편하게 입기 좋은 티셔츠!!!
알아보고 주문을 했는데 진짜 편하고 시원하고 그래서 너무 좋네요",5,21.08.03.,,
559,"커플룩으로 구입했는데 색상, 재질 다 좋아요!
핏도 잘 맞고 기본티라 어디든 어울려서 잘 입고 있어요!",5,21.07.29.,,
560,"꺅 >.< 화면보다 실물이 더 예뽀욤 'ㅁ' 
청바지에 입으니 편하구, 잘 어울리네요
커플템으로 입기에도 딱입니당 마음에 들어욤 *.*",5,21.07.27.,,
561,"기본 반팔티가 필요해서 주문했는데
사이즈도 잘 맞고 핏 이쁩니다
무난한 디자인이라 여기저기 받쳐 입기
딱입니다",5,21.07.28.,,
562,"깔끔한 반팔티 찾다가 구입했는데
역시 폴로티~ 소재 짱짱하고 원단 너무 좋네요
입었을때 핏도 이쁘구요
여름에 잘 입어질듯 합니다",5,21.07.25.,,
563,"디자인이 군더더기없이 깔끔하고 좋네요 
사이즈도 아주 딱이예요~ 
백화점에서 봤던거보다 훨씬 저렴한 가격에 잘산거 같아서 
넘 뿌듯 합니다 ㅎㅎ",5,21.07.26.,,
564,잘받았습니다.잘사용할게요,5,21.08.14.,,
565,"폴로는 진짜 꾸준한 인기 템인듯여
커플룩으로 구매한건데 남친이랑 여행 갈 때부터 돌아오는 날까지 즐겨 입엇네요 ㅎ",5,21.08.01.,,
566,"마감처리 깔끔하고 사이즈도 잘 맞네요
재질도 부드러워요
빠른 배송 감사합니다 잘 입을께요",5,21.07.24.,,
567,"잘 받았습니다
폴로 반팔티 저렴한 가격에 아주 잘 삿네요
몇 장 더 주문할려구요 ^^",5,21.07.27.,,
568,"여름엔 역시 티셔츠가 최고입니다. 
더워서 딱 달라붙는게 싫어서 한치수 큰걸 주문햇거든요
아주 좋아요 ㅎㅎ",5,21.07.28.,,
569,좋아요 마니파세욯ㅎㅎ,4,21.08.12.,,
570,"화면이랑 똑같아영 ㅡㅎㅎ 
혹시나 사이즈 안맞으면 어쩌나 살짝쿵 걱정했는데 잘맞네영 ㅡㅎㅎ 
신랑도 하나 사달라그래서 또 주문하려구영 ㅡㅎ
재질 부드럽고, 핏도 예뻐욧!",5,21.07.27.,,
571,"디자인도 로고도 깔끔하니 좋아요
안그래도 여름에 입을 반팔이 필요했는데
재질 사이즈 모두 다 좋네요
핏도 좋아요 ㅎㅎ",5,21.07.25.,,
572,"한치수 크게 살걸 후회중입니다 ㅠㅠ
그래도 시원할거같고 이쁘네여~",5,21.07.29.,,
573,"재질도 넘 좋고 어디에나 매치해도 잘어울려서 넘 만족해용~
다른색으로 하나 더 사려구요~",5,21.07.28.,,
574,"예상햇떤 느낌이에요. 심플하니 예뻐요!
배송도 빠른편입니다~",5,21.07.26.,,
575,괜찮네여 나쁘지 않아요 굿,5,21.08.05.,,
576,사이즈 너무 잘 맞아서 잘 입고 있어요!!!,5,21.08.05.,,
577,"사이즈도 좋고, 핏도 예쁘네요
딱 기대했던 느낌이라 만족스러워요 !",5,21.07.27.,,
578,"백화점 상품이라 확실히 재질도 좋고 핏도 좋아요
넘 맘에 들어요~",5,21.07.29.,,
579,기대했던대로에여 예뻐요,5,21.08.05.,,
580,깔끔합니다.맘에 들어요,5,21.08.05.,,
581,질감도 좋고 화면 그대로네요 예쁩니다,5,21.07.29.,,
582,너무 좋네용{]__>]<[<[[,5,21.08.11.,,
583,편할거같네여..올 여름엔 걱정 끝..,4,21.07.29.,,
584,이뻐요 정품이구  가격도 괜찮네요~,5,21.07.23.,,
585,이뻐요 정품이구  가격도 괜찮네요~,5,21.07.23.,,
586,이뻐요 정품이구  가격도 괜찮네요~,5,21.07.23.,,
587,이뻐요 정품이구  가격도 괜찮네요~,5,21.07.23.,,
588,부드럽고 아주 편해요~~!! 길이도 적당,5,21.07.06.,,
589,잘 입겠습니다~~~,4,21.07.29.,,
590,면도좋고 사이즈도 좋은데 빨리 늘어날것같은 느낌이들어 아쉬워용,5,21.07.08.,,
591,"제가 생각한 것보다 큰 느낌이었어요.
바지 안에 넣어입으면 이쁘지만 꺼내입기엔 길이가 긴감이 있어서 이쁘진 않은 거 같아요 ㅠㅠ

딱 맞게 입고 싶었는데 아쉬워요ㅠ

그래도 안에 넣어 입으면 나름 괜찮습니다!",3,21.06.04.,,
592,예쁜데 목이 좀 잘 늘어나요! 외국 갔을 때 직접 샀던 건 이렇게 안 늘어나던데 ㅠㅡㅠ,5,21.07.09.,,
593,목부분이 그렇게 늘어나지 않아서 좋았어요,4,21.07.10.,,
594,Xl사이즈 제품에서 빨간색 얼룩 같은게 많이 묻어 나왔어요. 놀러 가서 입을거라고 며칠 째 포장을 안 뜯다가 가서 뜯었는데 이런식으로 많이 묻어 있었네요 어쩔 수 없이 입긴 했지만 아쉬웠습니다.,1,21.05.09.,,
595,"다 좋은데 먼지가 엄청 많이 납니다
건조기 돌렸는데 한뭉탱이
돌리고나서도 마스크에 먼지가 계속달라붙어서 검어져요",4,21.07.01.,,
596,"데일로 좋아요
배송도 빠르고요",4,21.07.08.,,
597,진짜 편하게 아직까지도 잘 입고 다니는 중,5,21.07.10.,,
598,원단도 쫀쫀하고 핏예뻐요. 가격도 만족입니다,4,21.07.06.,,
599,"딱좋아요. 
보이즈사이즈 좋습니다.",5,21.06.06.,,
600,아주좋아요~~~~~,5,21.07.04.,,
601,배송도 빠르고 체고!!,5,21.06.29.,,
602,배송도 빠르고 체고!!,5,21.06.29.,,
603,휘뚜루마뚜루 입을 수 있는 기본템! 기본이지만 없으면 안되는 필수템!,5,21.06.16.,,
604,"얇아요, 세탁하니 약간 줄어서 전 더 좋아여 ㅋ",4,21.05.30.,,
605,완전 기본템! 맨날 입어서 벌써 꼬깃꼬깃ㅋㅋㅋ저는 평소 슬림한 핏의 옷을 선호해서 그런지 작다곤 못느꼈고 딱! 여성스러운 정도에요. 사이즈 고민 많이 했었는데 완전 만족해요~,5,21.05.09.,,
606,조아요! 재구매의사있습니다,5,21.05.24.,,
607,아딕안입어밧움요 갠춘겟죠머,5,21.06.02.,,
608,생각한 핏 그대로입니다. 아주 만족스러워요! 168입니다.,5,21.05.24.,,
609,깔끔해요 자주 입을 것 같아요!,5,21.06.04.,,
610,사이즈가 생각보다 너무 작은듯 ㅠ 한사이즈 크게 주문 해야 합니다,4,21.06.04.,,
611,핏도 좋고 만족 스럽습니다!!,4,21.06.15.,,
612,안늘어나고 좋앗어요 만족해요 ㅎㅎㅎ굿,5,21.06.16.,,
613,배송 빠르고 제품 좋아요 👍,5,21.06.12.,,
614,딸이 사달래서 주문했는데 맘에든다네요,5,21.05.21.,,
615,폴로 반팔 최고네요 ㅇㅇ,5,21.05.30.,,
616,"사이즈도 좋고 재질도 너무 좋아요
기장은 생각보다 좀 짧아요",5,21.05.03.,,
617,옷과 로고 색이 참 예뻐요~~ xl라서 그런지 확실히 크네용,5,21.05.05.,,
618,좋아요 화이트랑 네이비  구매했는댕 좋아요,5,21.05.27.,,
619,질좋고 사이즈도 생각했던대로네요,5,21.05.12.,,
620,"아직 입진 않았지만 보기만 해도 편한 라지사이즈!!!
배송 빠르고 좋아요 :)",5,21.05.08.,,
621,구냥 저냥 입니다.,4,21.06.09.,,
622,아주 이쁘고 맘에 들어요!,5,21.05.15.,,
623,"좀 타이트한핏을 원하는데 팔길이가 짧은건 싫어서 보이즈로 구입했어요
보이즈는 처음 사봐서 m이랑 l이랑 엄청 고민했는데 큰것보단 작은게 나아서 m으로 결정
막 그렇게 타이트하지도 않아서 좋네요
가슴쪽은 딱 타이트하고 허리쪽은 낭낭해요
길이가 쫌 짧긴한데 어차피 바지안에 넣어입을거라 노상관
전체적으로 핏한듯 아닌듯해서 맘에듭니다
목은 금방 늘어날 것 같아서 늘어나면 또 재주문하러올게요",5,21.04.02.,,
624,딸이 엄청 좋아해요,3,21.06.03.,,
625,아직 안입어봤지만 예뻐요,5,21.05.12.,,
626,이뻐요 ! 커플티로 강추여,5,21.05.27.,,
627,좋아요!!여름에 잘입겠습니다,5,21.05.27.,,
628,아주좋아요 자주애용할께요,4,21.05.28.,,
629,158 47 어깨선 딱맞고 예뻐요!!,5,21.06.01.,,
630,좋아요 생각했던거 보다 원단 조쿠여 가격도 조쿠여,5,21.05.25.,,
631,L사이즈라도 오버핏으로 입는 분한테는 딱 맞게 느껴질수도있을것 같아요! 저는 처음에 M 구매했다가 사이즈 교환했는데 L사이즈가 더 괜찮더라구용!,5,21.04.24.,,
632,신랑이 100사이즈 입어서 xl샀는데 좀 작더라구요 ㅠ 어깨좀 있으신 남자분들은 작을듯..ㅠ,5,21.04.30.,,
633,사이즈도 맞고 착용감도 좋아요,5,21.05.10.,,
634,좋은 가격에 잘샀어요,5,21.05.30.,,
635,좋아요 ㅋㅋㅋ 다른색도 구매하려고요,5,21.05.26.,,
636,커플티로 입을라고 샀는데 너무 이뻐요 !!,5,21.05.27.,,
637,정사이즈에 핏도 예쁘고 완전 맘에 들어요,5,21.05.24.,,
638,재질이 보들보들하니 고급지네요,5,21.05.07.,,
639,"너무 마음에 들어요
소재도 탄탄하고
배송도 빨라요",5,21.05.06.,,
640,귀여워요 소품으로 최고,5,21.05.21.,,
641,딸내미가 사달라고 해서 사줬는데 마음에 든다고 하네요 엄마 눈에는 그것이 그것같은데 ~~,4,21.05.13.,,
642,"너무 좋아요! 
기대했던 딱 그 옷이에요",5,21.05.16.,,
643,"라지사이즈 166cm
살짝 넉넉합니다 ㅎㅎ",5,21.05.10.,,
644,생각보다 자수가 낮은지 얇고 쫀쫀하지 않습니다,4,21.05.22.,,
645,사이즈가 조금 작아서 아쉬워요 ㅜㅜ,4,21.05.06.,,
646,예쁘고 편해요~!!,4,21.05.26.,,
647,평소 55사이즈 입는데 이 옷 라지사이즈 입으니 딱 좋아요,5,21.05.18.,,
648,사이즈는 딱좋아요 다른색도 사려구오!,5,21.04.26.,,
649,이쁘다이뻐!생각했던것보다더이뻐요!완전만족!ㅋ대만족!,5,21.05.08.,,
650,"163/55
그냥 딱 맞아요
세상 초딩 어깨를 가지고 있는 저에게 어깨가 딱 맞네요!",5,21.05.17.,,
651,적당히 편하고 좋아요! 친구 선물로 줬어요~,5,21.04.26.,,
652,남자친구랑 아주 잘 입고 있습니다~ 사이즈도 딱이예요!,5,21.05.15.,,
653,남자친구랑 아주 잘 입고 있습니다~ 사이즈도 딱이예요!,5,21.05.15.,,
654,55사이즈 입는데 M사이즈 슬림하게 맞아요. 보이즈라 넥라인이 조금 갑갑하게 느껴지기는 해요. 붙게 입고 싶은 분들은 M사이즈 괜찮을 것 같아요!,5,21.04.16.,,
655,짱짱하고 좋은것 같아,5,21.05.26.,,
656,폴로 기본 반팔티 좋은거 다들 아시잖아요~ 배송 빨랐어요 만족합니다,5,21.05.08.,,
657,부드럽고 착용감 편하고 좋아요 ~,5,21.04.23.,,
658,좋아요~~~~ 괜찮습니다,4,21.05.04.,,
659,161이고 어깨안넓은 보통55인데  한치수큰거 삿어도 됐을거같은데 그냥 입으려구여ㅎ 재질이랑은 좋아요,5,21.04.15.,,
660,부드럽고 착용감 좋아요~,5,21.04.23.,,
661,딸내미가 사달라고 해서 사줬는데 마음에 든다고 하네요 엄마 눈에는 그것이 그것같은데 ~~,4,21.05.13.,,
662,"너무 좋아요! 
기대했던 딱 그 옷이에요",5,21.05.16.,,
663,"라지사이즈 166cm
살짝 넉넉합니다 ㅎㅎ",5,21.05.10.,,
664,생각보다 자수가 낮은지 얇고 쫀쫀하지 않습니다,4,21.05.22.,,
665,사이즈가 조금 작아서 아쉬워요 ㅜㅜ,4,21.05.06.,,
666,예쁘고 편해요~!!,4,21.05.26.,,
667,평소 55사이즈 입는데 이 옷 라지사이즈 입으니 딱 좋아요,5,21.05.18.,,
668,사이즈는 딱좋아요 다른색도 사려구오!,5,21.04.26.,,
669,이쁘다이뻐!생각했던것보다더이뻐요!완전만족!ㅋ대만족!,5,21.05.08.,,
670,"163/55
그냥 딱 맞아요
세상 초딩 어깨를 가지고 있는 저에게 어깨가 딱 맞네요!",5,21.05.17.,,
671,적당히 편하고 좋아요! 친구 선물로 줬어요~,5,21.04.26.,,
672,남자친구랑 아주 잘 입고 있습니다~ 사이즈도 딱이예요!,5,21.05.15.,,
673,남자친구랑 아주 잘 입고 있습니다~ 사이즈도 딱이예요!,5,21.05.15.,,
674,55사이즈 입는데 M사이즈 슬림하게 맞아요. 보이즈라 넥라인이 조금 갑갑하게 느껴지기는 해요. 붙게 입고 싶은 분들은 M사이즈 괜찮을 것 같아요!,5,21.04.16.,,
675,짱짱하고 좋은것 같아,5,21.05.26.,,
676,폴로 기본 반팔티 좋은거 다들 아시잖아요~ 배송 빨랐어요 만족합니다,5,21.05.08.,,
677,부드럽고 착용감 편하고 좋아요 ~,5,21.04.23.,,
678,좋아요~~~~ 괜찮습니다,4,21.05.04.,,
679,161이고 어깨안넓은 보통55인데  한치수큰거 삿어도 됐을거같은데 그냥 입으려구여ㅎ 재질이랑은 좋아요,5,21.04.15.,,
680,부드럽고 착용감 좋아요~,5,21.04.23.,,
681,솔직히 그냥 저냥 입니다.,4,21.05.23.,,
682,몇번째구매이지만박스가안은건처음인거같아요 옷은이뻐 잘입으께ㅣ요,5,21.05.08.,,
683,ㅋ왜이리 이쁜거에요?깔끔해보이고진짜이뻐요!잘산것같아요!,5,21.05.08.,,
684,"재질도 좋고 저렴한 가격에 구매해서 좋은데 종이백 비용 받길래 폴로 종이백인줄 알았더니 언더독 종이백...;;;; 백화점 정품이래서 폴로 종이백 줄 주 알았는데 아니네요.. 
그냥 종이백 말고 박스로만 해서 선물 줘야할듯..",4,21.04.02.,,
685,질이 좋아요 ㅎ 여름에 이쁘게 입어야겟어요 ㅎ 저렴해요 ㅎ,4,21.04.20.,,
686,배송 최고 빨라요 ㅋㅋ,5,21.05.21.,,
687,뚱뚱 66도 예쁘게 잘 맞아요. 살 이리저리 튀어나보이지 않는 사이즈? 좋습니다 ㅎ,5,21.04.14.,,
688,빠른배송 좋아요!!,5,21.05.18.,,
689,평소에 55사이즈 입고 딱 맞게 입으려고 m샀는데 좋아용 넉넉하게 입으려면 L도 좋을거 같아요,5,21.05.08.,,
690,검정색 이뻐서 구매했어요~~ 화이트색상도 구매할려구요,5,21.04.19.,,
691,좋아요~~ 다음에 화이트로 또 구매할게용,5,21.05.06.,,
692,친구 선물로 사줬는데 좋아해용 많이 얇아서 여름에 입기 시원할거 같아요,5,21.05.08.,,
693,"생각보다 작아서 놀랐고, 그래도 핏은 예뻐서 조아요! 그리고 생각보다 얇아서 놀랐습니다. 그래도 기본 티니까 휘뚜르마뚜르 잘 입을거 같아요",4,21.04.20.,,
694,사이즈도 잘맞고 좋아요,5,21.05.13.,,
695,여자XL 에요 ㅠㅠ 남자 XL 아닙니당.,5,21.04.26.,,
696,약간의 오염이 세군데있는데 귀찬하서 그냥 입어용,5,21.04.22.,,
697,이거 어깨 선 부분이 좀 이상해요,5,21.05.15.,,
698,"재질도 좋고 사이즈도 잘 맞는데 종이백 비용 받고 언더독 종이백을 줄 거라곤 생각도 못했네요..;;
써놨으면 추가비용 내고 구매하진 안았을거예요ㅠ 폴로 종이백이 필요했던곤대",4,21.04.02.,,
699,배송도 빠르고 편하고 좋아요!!,4,21.05.11.,,
700,155키에 잘 맞아요 ! 전 길이는 좀 더 짧았으면 하는 생각이 있는거 같아요 ! 품이나 다른 곳은 잘 맞는데 약간 비침이 있어요 ㅠㅠ 그리고 잘 늘어날거 같아서 그냥 늘어나면 또 구입하려구요,4,21.04.22.,,
701,마음에들어요마음에들어요마음에들어요 ㅎㅎㅎ,5,21.05.30.,,
702,넘예쁘네욤 또살래여,5,21.04.23.,,
703,165 으앙앙 생각보다 L이 크네요ㅠㅠ 여성분들 좀 말랐다 하시는분 M 구매하시길... 비침 쪼금 있는데 확실히 이뻐요ㅎㅎㅎ,4,21.04.04.,,
704,배송도 엄청 빨랐구요~~ 입어보니 깔끔하니 이뻐요. 근데 전 살이 쩌서 살짝 빼고 입어야 할 거 같엉ㅎㅎ,5,21.04.23.,,
705,살짝타이트함 배송빠름     보이즈는 거진 정품이라생각합니다,4,21.04.17.,,
706,"딱 핏되게 예뻐요 사이즈 고민했는데 
잘 맞아서 좋네요",5,21.04.14.,,
707,생각보다 사이즈가 안작아서 후회 해써욤 ㅠ s시켜도 됬을거 같은 ㅎ 그래도 재질도 좋고 착용감도 좋아요 ! 또 구매할 예정입니당,5,21.04.13.,,
708,완전 좋아요! 다음에 또 구매하겠습니다!,5,21.04.30.,,
709,배송도 재질도 모두 굿입니다,5,21.04.23.,,
710,아우 너무 만족스럽습니댱,5,21.05.10.,,
711,괜찮아요 배송도 빠르구 좋네요!!,5,21.04.16.,,
712,적당하고 예쁘네요 배송도 빨라요,3,21.04.30.,,
713,아주 좋습니다~ 싸게 잘 샀어요,5,21.05.01.,,
714,이 컬러는 왜 사이즈가 화이트보다 더 작게 나왔나요 ㅡㅡ??????,3,21.04.20.,,
715,옷감좋고 색도 좋네요 그레이랑 블랙 사이즈 재입고되면 구매할게요,5,21.04.20.,,
716,좋아요 커플로 무난합니다,5,21.05.07.,,
717,"생각보다 엄청 딱 맞아요
조금 남을 줄 알았는데
엄청 딱맞네요.",4,21.04.08.,,
718,"제일 기본 티 폴로~ 
잘샀어요",5,21.04.16.,,
719,배송도 빠르고 만족합니다,5,21.05.06.,,
720,면 소재가 좋네요 잘 입을게요,5,21.05.07.,,
721,심플하게 딱 좋아요 역시 폴로!,5,21.04.09.,,
722,입었을때 핏이 넘 예뻐요,5,21.04.12.,,
723,넘나 만족스런거 !!!!,5,21.05.10.,,
724,좋아요 만족합니다 ㅎㅎ,5,21.05.05.,,
725,사이즈도 딱 생각했던대로고 두께도 넘얇지않고 좋아요,5,21.04.09.,,
726,배송도 빠르고 면도 좋습니다.,5,21.05.04.,,
727,좋아요 만족합니다 ㅎㅎ,5,21.05.04.,,
728,선물했는데 좋아하네요,5,21.05.05.,,
729,저렴한가격에 잘 샀습니다~~ xl사이즈 폴햄95사이즈 티셔츠랑 치수 오차없이 똑같아요~ 참고,5,21.04.06.,,
730,배송빠르고 면도 좋습니다.,5,21.05.04.,,
731,배송 빠르고 면도 좋습니다.,5,21.05.04.,,
732,55인데 잘 맞아요~,5,21.05.11.,,
733,정품이라생각하겠지만..바느질과상표붙어있는걸보면아니라는생각도드네요..핏은많이오버핏이예요..생각보다소재는부드럽네요,3,21.04.15.,,
734,깔끔하고 잘 맞아요,5,21.05.07.,,
735,깔끔하고 잘 맞아요,5,21.05.07.,,
736,비교적 저렴한 가격에 구매했습니다. 배송도 빠르고 재질이나 디자인도 생각했던 대로네요. 감사합니다.,5,21.04.08.,,
737,배송도 빠르고 친구 생일선물로 샀는데 좋아하네요~,3,21.04.25.,,
738,"남자친구 선물 해 줬는데 너무너무 좋아하네요! 
기본이라 무난하게 잘 입을거 같아요 ~",5,21.04.17.,,
739,생각보다 배송 빠르고 입을만 합니다.,5,21.04.27.,,
740,배송도 빠르고 옷도 이뻐요,5,21.05.03.,,
741,배송도 빠르게 왓구요..이쁘네요~!,5,21.04.25.,,
742,선물로 보내줘썽요!! 좋아하더라구요,5,21.04.23.,,
743,좋아요 좋아요 좋아요,3,21.05.18.,,
744,가격좋고 포인트까지 풍부!! 잘입겠씁니다!,5,21.04.01.,,
745,배송도 빠르고 폴로 상자도 함께 구매해서 선물하기에 좋아요,5,21.04.17.,,
746,사이즈도 적당하구 편합니다,4,21.04.27.,,
747,사이즈도 적당하고 편합니다,4,21.04.27.,,
748,남자친구 선물로도 대만족,5,21.04.27.,,
749,배송도 빠르고 폴로 상자도 함께 구매해서 선물하기 좋아요,5,21.04.17.,,
750,싸게 잘 샀습니다 ㅎ,5,21.04.30.,,
751,좋아요좋아요좋아요좋아요,5,21.04.23.,,
752,옷 예쁘고 정품맞아요,5,21.04.27.,,
753,"커플티로 주문했습니다~~
아직 선물로 주진 못했지만
예뻐요!",5,21.04.17.,,
754,면이 아주 좋고 사이즈95 입으시는 분들한테는 아주 편하고 시원한 옷같아요!! 옷도 깔끔하고 가성비도 좋아요!!!,5,21.04.09.,,
755,"기본티라
항상즐겨입어요",5,21.04.28.,,
756,택배 온 봉투는 먼지구덩이라 만지기 싫었지만 안에 티는 맘에 듭니다,4,21.04.19.,,
757,빠른배송감사드립니다,5,21.04.22.,,
758,빠른배송감사드립니다,5,21.04.22.,,
759,그럭저럭 싼맛에 입습니다요,5,21.04.26.,,
760,옷 예쁘게 잘나온거같음,4,21.04.27.,,
761,55~66 L사이즈좋아요!,5,21.04.26.,,
762,배송 진짜 빠르네요!! 이쁘게 입겠습니당~~,4,21.04.15.,,
763,조으네요 이삐고요 배송도 굿,3,21.03.30.,,
764,배송이 빨랐어요 ㅎㅎ,5,21.04.24.,,
765,완전 가성비갑 지려요,5,21.04.21.,,
766,"44-44반 입고 어깨넓음, 허리 얇음의 양면성을 가진 체형인데 진짜 예쁘고 어깨선 딱맞아요. 그리고 라인 들어간 핏은아니지만 말라보입니다 ㅎㅎ 44에서 55사이 입으시는 분든 m사이즈사시면 딱 이쁘실듯해요!",5,21.03.31.,,
767,158 47 체격에 m 딱 예쁘게 맞아요 박시한 정도는 아니에요,5,21.04.12.,,
768,조으네요 배송도 빠르고요,3,21.03.30.,,
769,배송도 빠르고 질도 좋아요~,5,21.04.19.,,
770,예쁩니다 만족만족ㅎ,5,21.04.23.,,
771,"티가 좀 얇아여 
보이즈라 품이 여유롭지만 가성비 젛아요",5,21.03.27.,,
772,좋아요 ~ 많이들 구매하세요,5,21.04.15.,,
773,배송이 정말 빠르네요!!,5,21.04.20.,,
774,화이트랑 블랙 구매했어요~,5,21.04.20.,,
775,보이즈라 그런지 조금 작지만 괜찮아요~,3,21.03.28.,,
776,이뻐요 ㅎㅎㅎ 커플로 입을라고 샀어요,5,21.04.14.,,
777,아주 적당하게 잘 맞아요 예쁩니댜,5,21.04.17.,,
778,너무만족합니다.빠른배송,5,21.04.09.,,
779,완전 편하네요 ㅎㅎㅎ,5,21.04.21.,,
780,생각한만큼 예뻐요 ㅎㅎ 강추,5,21.04.15.,,
781,"보이즈라ㅠㅠ 사이즈가 좀 애매하네용
길이는 짧고 팔은 좀 크고..
그래도 이뻐요 잘입을게요",4,21.03.16.,,
782,옷 너무 예뻐요 다른색도 또사고싶어요,5,21.04.08.,,
783,일단 상담도 바로바로 해주시고 배송이 완전빨랏구요! 정품가격이 다른곳에 비해 저렴했구요! 182 키에 72kg 상체가 조금 짧은 몸인데 잘 맞네요!~,5,21.03.08.,,
784,"생각보다  면이 ,,,,,,,,",3,21.04.19.,,
785,아직 날이 덥지 않아 못입엇지만 옷은 이뻐요!,5,21.04.08.,,
786,배송도 빠르고 좋아요!!,5,21.03.24.,,
787,배송도 빠르고 가격도 저렴해서 좋아요,5,21.04.04.,,
788,아주 좋아요!!!!!!,5,21.04.17.,,
789,165/51 여성입니다 잘맞아여,5,21.03.25.,,
790,"꼼꼼히 검수 하셨는데 얼룩은 남아 있네요
문의란엔 사진을 올릴수 없어 여기에 올립니다
교환 귀찮아 그냥 입을건데 다음엔 더욱 꼼꼼히 체크하셔야겠네요",4,21.03.03.,,
791,배송이 빨라서 좋았어요! 핏도 딱 적당하고 길이도 너무 길지도 짧지도 않았어요~ 옷 재질도 만족스러워요!,5,21.03.17.,,
792,빠른 배송 감사합니다,5,21.04.04.,,
793,소재도 시원하고 여름에딱이에용~ 잘입을게요^^,5,21.04.01.,,
794,이쁘네요. 잘 입을께요~,5,21.04.01.,,
795,이쁘네요. 잘 입을께요~,5,21.04.01.,,
796,선물용으로 샀는데 아주 좋네유~,5,21.03.31.,,
797,"좋습니다.
감사합니다.
마음에 듭니다.",4,21.03.23.,,
798,생각보다 퀄리티 좋아요,5,21.03.31.,,
799,목이 좀 잘늘어나요..,4,21.04.05.,,
800,이쁘고 편한데 생각보다 얇아요,4,21.03.29.,,
801,배송 빠르고 사이즈도 잘 맞아요,5,21.03.23.,,
802,생각보다 옷감이 너무 얇아요,3,21.03.28.,,
803,생각보다 옷감이 너무 얇아요,3,21.03.28.,,
804,"얇고 생각보다 어깨가 작네요ㅜㅜ 
남자 100입으시는분 입을수잇다해서 삿는데
어깨가 작아요....",4,21.03.16.,,
805,"감사합니다
마음에듭니다.",4,21.03.24.,,
806,편하고 이쁜데 생각보다 얇네요,4,21.03.23.,,
807,배송도 빠르고 만족합니다,5,21.03.23.,,
808,너무 이빠요 깔끔하고 정핏에 딱 맞아서 날씨ㄴ해버야뇨,5,21.02.24.,,
809,아주 편하고 좋습니다!! 👍,5,21.03.15.,,
810,생각보다 좀더 핏됐어요,3,21.03.12.,,
811,"보이즈 라인 옷을 좋아해서, 좋은건 나눠 입으려고 친구 선물용으로 구입했습니다! 빠른 배송 감사합니다 :)",5,21.02.18.,,
812,이뿌긴한데 목이 금방 늘어날꺼 같아 조심스러워요,4,21.03.09.,,
813,배송도 빠르고 상품도 만족합니다,5,21.02.18.,,
814,폴로 성인은 핏이 너무 안맞아서 보이즈로 구매해봤는데 좋아요~ 남친도 좋아해요~,5,21.01.29.,,
815,여러가지로 마음에 들어요,5,21.03.05.,,
816,무난한 데일리 룩으로 최상이죠,5,21.03.06.,,
817,목이 좀 잘늘어나요...,4,21.04.05.,,
818,사이즈도 잘 맞고 자주 입을 듯합니다.,5,21.02.27.,,
819,폴로 라운드 반팔은 국룰이죠 ㅋㅋㅋ,5,21.03.06.,,
820,색깔별로 두개 질렀습니다 ㅎㅎ 완전 가성비갑!,5,21.02.22.,,
821,폴로 성인은 핏이 너무 안맞아서 보이즈로 구매해봤는데 좋아요~,5,21.01.29.,,
822,대박.너무 너무좋아용,5,21.02.23.,,
823,배송 완전 빨라용 굿굿,5,21.02.22.,,
824,155/43 m사이즈 잘 맞아요,5,21.02.21.,,
825,평소 라지 100~105 정도 입는 남자인데도 보이즈xl(95) 사이즈 잘 맞네요 반팔이라 살짝 타이트 하게 입는게 이뻐요,5,21.01.27.,,
826,가볍고 마음에 듭니다,5,21.02.08.,,
827,사이즈 아주 만족스러워요ㅜㅜ 옷도 이쁘네요,5,21.01.28.,,
828,너무편해요 기본으로입기좋습니다,5,21.01.23.,,
829,보이즈라 길이는 생각보단 짧지만 키가 작은편이라 만족합니다~ 담에 다른 색으로 또 구매하고싶어요!,4,20.12.08.,,
830,빠른배송 잘받았습니다 옷감이 탄탄해서 잘 입을수 있을거같아요,5,20.11.11.,,
831,두장 샀어요 완전 톡톡 탄탄해서 마음에 들어요,5,20.10.19.,,
832,"네이비 l사이즈 화이트 m 사이즈 구입했어요
L은 널널하고 m은 딱 베이직 핏",5,20.10.19.,,
833,"재질이 좋아요 
연휴때문에 배송은 늦었지만 만족해요",5,20.10.12.,,
834,싸게 잘 구매했어요 ^_^,5,20.10.14.,,
835,간지나네요  너무이뻐용,5,20.10.24.,,
836,깔끔하고 편해서 좋아요!,5,20.10.07.,,
837,배송도 빠르고 좋아요,5,20.10.15.,,
838,배송이 아주 빠릅니다!!,5,20.09.27.,,
